TICKER;PRECO;ULTIMO DIVIDENDO;DY;VALOR PATRIMONIAL COTA;P/VP;LIQUIDEZ MEDIA DIARIA;PERCENTUAL EM CAIXA;CAGR DIVIDENDOS 3 ANOS; CAGR VALOR CORA 3 ANOS;PATRIMONIO;N COTISTAS;GESTAO; N COTAS
ABCP11;70,67;0,500000;8,14;91,77;0,77;62.148,83;1,48;11,24;-7,17;432.162.687,00;18.045,00;Passiva;4.709.082,00
AFHI11;97,93;1,100000;13,14;96,17;1,02;786.326,72;1,58;;;290.388.018,85;21.027,00;Ativa;3.019.453,00
AIEC11;70,06;0,780000;12,86;94,61;0,74;488.537,06;0,64;;;456.469.305,49;14.479,00;Ativa;4.824.987,00
ALMI11;814,50;0,371133;0,00;2.028,19;0,37;56.493,85;2,16;;-14,87;225.487.777,20;2.397,00;Passiva;111.177,00
ALZC11;0,00;;0,00;;;;;;;;;;1.000.000,00
ALZM11;94,89;0,850000;12,16;92,46;1,03;71.338,28;0,47;;;63.907.856,47;3.711,00;Ativa;691.192,00
ALZR11;113,19;0,825000;12,65;106,69;1,07;2.389.574,14;30,63;31,52;-2,61;1.051.986.451,99;135.095,00;Ativa;9.860.406,00
ANCR11B;3.462,98;42,077240;4,53;3.574,17;0,97;8.705.935,00;1,48;;;1.698.863.337,72;67,00;Ativa;475.316,00
APTO11;9,95;0,114000;12,60;10,59;0,94;42.508,56;10,81;;;42.495.209,65;7.930,00;Ativa;4.012.857,00
APXM11;0,00;;0,00;94,93;;;9,09;;;150.136.976,40;233,00;;1.581.505,00
AQLL11;385,03;;0,00;983,41;0,39;;0,22;;-1,26;143.398.814,69;58,00;Ativa;145.817,00
ARFI11B;479,99;;0,00;651,70;0,74;;1,52;;;74.329.618,05;28,00;Ativa;114.054,00
AROA11;0,00;0,003300;0,00;1,07;;;0,66;;;167.876.052,45;51,00;Ativa;157.323.446,00
ARRI11;9,02;0,110000;15,41;8,99;1,00;252.177,36;2,29;6,87;4,60;117.319.779,19;26.244,00;Ativa;13.056.237,00
ARXD11;100,00;1,100000;3,80;101,46;0,99;35.233,33;11,57;;;49.921.687,19;63,00;Ativa;492.050,00
ASMT11;49,96;0,770000;10,79;84,29;0,59;32.333,47;2,90;;;85.749.077,74;444,00;Ativa;1.017.316,00
ASRF11;0,00;256,328699;0,00;9.999,66;;;102,08;;;23.999.181,13;55,00;Ativa;2.400,00
ATCR11;0,00;0,302644;0,00;85,19;;;0,76;;;79.131.084,94;33,00;Ativa;928.908,00
ATSA11;66,00;0,050000;0,53;81,58;0,81;780,30;1,51;1,98;-16,44;142.863.612,90;279,00;Passiva;1.751.141,00
ATWN11;0,00;;0,00;589,33;;;2,02;;;94.738.165,51;2,00;Passiva;160.757,00
AURB11;0,00;0,550000;0,00;83,73;;;1,44;;;73.726.402,66;5,00;Ativa;880.560,00
BARI11;86,05;0,935000;13,53;97,11;0,89;845.948,00;5,35;-7,13;-3,70;450.028.367,25;38.416,00;Ativa;4.634.191,00
BBFI11B;1.110,00;7,193757;25,15;2.147,58;0,52;402.025,53;7,99;-2,86;-20,62;279.185.668,89;8.220,00;Passiva;130.000,00
BBFO11;75,23;0,690000;11,27;82,17;0,92;249.043,61;0,36;;;329.004.492,49;5.552,00;Passiva;4.003.900,00
BBIM11;0,00;0,110000;0,00;31,00;;;2,04;-20,85;;32.087.366,67;20,00;Ativa;1.035.000,00
BBPO11;97,70;0,900000;11,17;99,76;0,98;1.235.375,64;3,78;-5,56;-10,97;1.588.185.145,13;74.552,00;Passiva;15.919.690,00
BBRC11;105,50;1,070000;11,49;108,14;0,98;128.572,14;4,92;3,47;-9,93;171.950.165,41;9.550,00;Passiva;1.590.000,00
BCFF11;73,48;0,560000;9,16;76,04;0,96;2.453.568,81;6,45;3,62;-5,78;1.915.103.196,86;302.064,00;Ativa;25.186.378,00
BCIA11;104,99;0,800000;8,78;108,64;0,97;860.665,14;0,10;5,46;-11,99;404.017.754,99;17.924,00;Ativa;3.719.038,00
BCRI11;76,83;0,730000;15,19;99,40;0,77;655.279,92;5,38;-3,66;-10,43;622.037.280,60;48.204,00;Ativa;6.257.873,00
BICE11;947,99;10,000000;13,92;979,32;0,97;290.878,00;2,53;;;76.679.659,95;114,00;Ativa;78.299,00
BICR11;97,99;0,840000;10,46;100,88;0,97;1.056,04;27,00;49,30;-0,67;50.439.317,50;527,00;Ativa;500.000,00
BIME11;7,71;0,080000;13,62;8,85;0,87;73.439,89;6,45;;;51.726.706,87;8.452,00;Ativa;5.845.602,00
BIPD11;0,00;;0,00;983,48;;;7,60;;;47.913.418,24;111,00;Ativa;48.718,00
BLCA11;133,00;0,570000;5,06;136,31;0,98;45.883,62;3,82;;;218.094.085,09;210,00;Ativa;1.600.000,00
BLCP11;91,00;0,563428;1,69;111,74;0,81;103.127,50;1,06;;-4,96;256.580.339,90;279,00;Ativa;2.296.282,00
BLMC11;81,64;0,970000;12,98;98,81;0,83;4.568,66;9,39;;;39.473.511,07;430,00;Ativa;399.500,00
BLMG11;67,99;0,710000;13,68;87,38;0,78;509.218,00;1,68;;;332.953.514,57;13.287,00;Ativa;3.810.588,00
BLMO11;20.999,00;151,000000;3,07;33.414,13;0,63;620.199,50;2,39;;;126.873.438,15;93,00;Ativa;3.797,00
BLMR11;7,36;0,060000;11,10;8,04;0,91;522.149,94;0,76;;;205.260.921,23;18.922,00;Ativa;25.541.630,00
BLUR11;100,39;1,030000;12,31;95,84;1,05;10.638,75;2,45;;;8.625.825,80;98,00;Ativa;90.000,00
BMII11;0,00;0,228341;0,00;471,64;;;1,06;;;67.774.170,85;12,00;Passiva;143.700,00
BMLC11;104,88;3,590000;11,87;110,77;0,90;24.020,89;19,68;19,86;1,99;110.597.064,89;1.395,00;Ativa;998.405,00
BNFS11;119,58;1,476720;14,80;91,72;1,30;147.852,53;6,27;13,45;-3,08;64.201.180,17;4.442,00;Ativa;700.000,00
BPFF11;72,00;0,620000;10,72;77,69;0,93;363.096,19;4,44;6,00;-7,10;348.987.341,99;18.856,00;Ativa;4.492.326,00
BPLC11;0,00;14,420464;0,00;9.891,37;;;3,44;;;316.523.797,60;114,00;Ativa;32.000,00
BPML11;65,00;0,270465;2,70;132,41;0,49;52.663,47;2,56;;-12,11;570.031.097,18;1.549,00;Passiva;4.305.079,00
BPRP11;109,15;0,900000;9,75;109,15;1,00;3.048,10;0,18;4,79;-4,29;147.336.358,30;174,00;Passiva;1.349.837,00
BRCO11;118,25;0,870000;7,50;120,05;0,98;4.185.484,22;3,31;7,67;-1,11;1.774.186.566,11;111.259,00;Ativa;14.778.781,00
BRCR11;68,45;0,450000;8,17;100,62;0,68;1.817.893,28;0,96;-0,37;-8,34;2.680.391.457,42;155.236,00;Ativa;26.638.202,00
BREV11;112,80;0,590000;8,28;117,17;0,84;1.840,03;0,54;11,49;;113.324.811,52;268,00;Ativa;967.201,00
BRHT11B;86,80;;0,00;76,73;1,13;;1,55;;;141.320.023,04;11,00;Ativa;1.841.677,00
BRIM11;1.030,22;20,140000;17,63;1.096,50;0,94;1.020,40;3,37;;4,22;136.116.324,37;221,00;Ativa;124.137,00
BRIP11;950,01;9,300000;12,24;947,06;1,00;1.583,33;1,64;;;204.067.759,01;254,00;Ativa;215.475,00
BRIX11;0,00;;0,00;975,19;;;1,51;;;80.027.893,16;54,00;Ativa;82.063,00
BRLA11;160,00;0,897500;8,06;156,34;1,02;325.093,86;0,21;;;490.884.258,63;275,00;Passiva;3.139.918,00
BROF11;69,50;0,719512;2,73;106,17;0,65;1.795.796,14;0,54;;;1.232.737.612,03;6.883,00;Ativa;11.610.812,00
BROL11;0,00;;0,00;;;;;;;;;;5.500.000,00
BRSE11;0,00;;0,00;2.193,08;;;267,80;;;4.386.168,06;12,00;Ativa;2.000,00
BTAL11;93,84;0,730000;10,45;109,20;0,86;904.661,03;2,63;;;653.322.263,24;44.827,00;Ativa;5.982.736,00
BTCI11;9,50;0,101000;13,19;10,31;0,92;2.415.479,36;8,94;12,07;-54,85;1.026.113.003,02;85.284,00;Ativa;99.521.172,00
BTCR11;88,00;0,900000;4,38;95,27;0,92;652.774,65;8,00;32,78;0,00;458.252.683,73;16.934,00;Ativa;4.810.097,00
BTLG11;105,15;0,760000;8,44;98,22;1,07;7.463.138,81;4,24;7,52;-0,63;2.069.085.844,76;221.702,00;Ativa;21.066.892,00
BTRA11;84,80;0,800000;11,60;118,98;0,71;510.541,58;6,16;;;400.327.198,79;21.260,00;Ativa;3.364.559,00
BTSG11;140,00;0,880000;7,46;137,74;1,02;1.014.743,57;0,78;;;106.751.120,57;61,00;Ativa;775.015,00
BTSI11;0,00;0,720000;0,00;122,01;;;0,06;;;257.852.440,25;103,00;Ativa;2.113.342,00
BTWR11;107,00;0,650000;5,96;112,58;0,95;428,00;1,11;;;91.109.610,90;61,00;Passiva;809.269,00
BVAR11;0,00;20,490000;0,00;1.070,96;;;0,97;11,42;;669.928.470,40;69,00;Passiva;625.540,00
BZEL11;0,00;5,092421;0,00;117,43;;;0,05;;;415.484.356,02;3,00;Ativa;3.538.046,00
BZLI11;17,00;;0,00;10,62;1,60;462,40;0,09;;5,45;447.942.973,32;19,00;Ativa;42.173.007,00
CACR11;105,32;1,610000;16,95;103,96;1,01;595.111,31;4,09;15,05;-3,21;187.896.974,12;10.217,00;;1.807.434,00
CARE11;1,98;0,008385;0,00;8,33;0,24;18.678,72;0,18;;-20,76;297.789.759,05;11.935,00;Ativa;35.769.919,00
CBOP11;36,00;0,120000;11,92;73,82;0,49;8.121,17;1,39;-11,98;-21,21;104.448.529,07;3.425,00;Passiva;1.415.000,00
CCLB11;0,00;;0,00;0,00;;;;;;0,00;0,00;Ativa;0,00
CCME11;110,00;1,093420;7,39;101,94;1,08;760,82;41,73;;;306.207.445,44;146,00;Ativa;3.003.830,00
CCRF11;87,00;1,650000;11,46;99,76;0,86;3.960,10;1,97;;;156.809.423,96;319,00;Ativa;1.571.900,00
CEOC11;61,56;0,638715;11,30;78,39;0,79;78.939,28;2,27;8,39;-11,03;142.332.217,70;4.888,00;Passiva;1.815.696,00
CFHI11;0,00;36,511390;0,00;640,90;;;1,54;;;60.628.934,77;54,00;Ativa;94.600,00
CFII11;0,00;;0,00;1.033,56;;;39,53;;;73.439.617,16;58,00;Ativa;71.055,00
CIXR11;0,00;;0,00;;;;;;;;;;2.834.551,00
CJCT11;64,99;0,400000;0,61;66,17;0,99;21.798,63;2,68;;4,31;207.788.940,35;1.162,00;Passiva;3.140.000,00
CJFI11;0,00;;0,00;2,80;;;1,87;;;147.230.252,16;1,00;Ativa;52.601.278,00
CNES11;28,00;0,081882;4,65;90,78;0,31;5.732,25;5,17;-15,33;-26,09;267.720.200,96;1.755,00;Ativa;2.949.248,00
COPP11;100,00;;0,00;100,59;0,99;5.650.000,00;0,69;;;159.236.361,44;12,00;Ativa;1.583.087,00
CPFF11;74,22;0,750000;8,60;82,70;0,89;408.761,08;0,24;-8,47;-2,64;211.129.091,91;10.177,00;Ativa;2.553.074,00
CPFO11;0,00;;0,00;42,28;;;1,52;;;119.857.225,81;528,00;Ativa;2.834.551,00
CPSH11;116,00;1,100000;0,96;102,09;1,13;121.175,15;0,25;;;139.860.908,37;27,00;;1.370.000,00
CPTS11;86,87;0,880000;11,30;90,93;0,95;6.041.239,58;0,14;-4,60;-3,34;2.890.161.525,97;224.661,00;Ativa;31.782.814,00
CRFF11;78,18;0,630000;9,47;90,11;0,87;38.766,00;6,71;11,91;-3,79;62.181.430,61;1.570,00;Ativa;690.040,00
CSMC11;0,00;20,665812;0,00;1.039,47;;;3,89;;;539.872.050,02;1,00;Ativa;519.370,00
CTNP11;0,00;;0,00;;;;;;;;;;0,00
CTXT11;13,73;0,010000;0,00;31,82;0,43;3.466,67;3,29;-23,80;-34,90;108.461.871,03;2.964,00;Passiva;3.408.174,00
CVBI11;92,74;1,050000;12,15;96,23;0,96;3.048.331,33;2,01;-4,18;1,72;1.059.460.692,26;78.026,00;Ativa;11.010.228,00
CVPR11;0,00;1,050000;0,00;97,73;;;5,73;;;13.682.411,16;2,00;Ativa;140.000,00
CXAG11;88,79;0,820000;10,44;115,51;0,77;110.719,92;0,50;;;241.488.990,34;11.488,00;Ativa;2.090.621,00
CXCE11B;42,96;0,412765;11,26;65,17;0,66;30.161,31;6,49;-23,39;-25,69;111.627.378,47;3.845,00;Passiva;1.712.950,00
CXCI11;87,89;0,840000;11,37;96,53;0,91;174.344,56;0,48;;;198.625.625,72;5.371,00;Ativa;2.057.726,00
CXCO11;83,30;1,310600;11,13;99,06;0,84;207.791,69;1,60;;;388.761.097,13;13.585,00;Passiva;3.924.500,00
CXRI11;80,00;0,600000;8,39;90,84;0,88;100.259,56;4,03;-3,64;-63,54;143.138.450,33;2.318,00;Ativa;1.575.760,00
CXTL11;286,00;1,852071;5,05;414,59;0,69;21.902,72;5,18;15,60;-9,04;22.220.588,79;720,00;Passiva;53.597,00
CYCR11;9,05;0,110000;13,60;9,82;0,92;346.011,22;15,07;;;160.228.437,53;11.165,00;Ativa;16.315.840,00
CYLD11;0,00;;0,00;100,76;;;33,21;;;103.995.327,73;46,00;Ativa;1.032.105,00
DAMT11B;18,01;0,081881;4,20;13,20;1,36;1.145,11;1,02;;;96.399.874,23;578,00;Passiva;7.305.341,00
DEVA11;59,98;0,600000;16,86;94,90;0,63;2.013.832,00;3,45;;;1.332.833.441,25;137.009,00;Ativa;14.044.908,00
DLMT11;0,00;0,005239;0,00;0,67;;;2,00;;;8.837.830,17;9,00;Ativa;13.225.796,00
DMAC11;13,00;4,894618;0,00;4,99;2,61;;105,14;;-66,79;778.257,90;2.352,00;Passiva;156.108,00
DOMC11;439,00;;0,00;99,21;4,43;;0,59;;-3,99;242.445.330,82;1.185,00;Ativa;2.443.800,00
DOVL11B;1.200,69;10,128601;5,39;1.201,14;1,00;33.619,00;4,26;8,53;;79.763.156,82;60,00;Ativa;66.406,00
DPRO11;97,99;0,830000;11,26;96,88;1,01;13.189,50;1,82;;;35.991.692,18;144,00;Ativa;371.522,00
DRIT11B;95,00;0,800000;8,32;132,76;0,72;744,32;18,16;23,15;-9,70;61.503.337,88;353,00;Ativa;463.277,00
DVFF11;84,48;0,700000;10,48;95,41;0,89;51.101,33;6,84;;;105.045.396,15;711,00;Ativa;1.100.950,00
EDFO11B;191,57;1,745264;10,76;180,72;1,06;4.463,39;1,77;6,23;-9,45;42.650.954,70;541,00;Passiva;236.000,00
EDGA11;21,15;0,079953;6,87;61,25;0,35;38.556,86;1,01;-7,07;-12,73;233.490.676,19;5.672,00;Passiva;3.812.055,00
EGYR11;1,19;;0,00;123,59;0,01;38.845,14;0,00;;;93.254.621,23;25,00;Passiva;754.554,00
ELDO11B;762,38;7,710000;13,99;1.439,34;0,53;;0,22;0,27;;1.133.130.085,55;60,00;Passiva;787.256,00
EQIR11;8,82;0,110000;37,67;10,09;0,87;139.165,92;3,76;;;50.715.472,85;4.502,00;Ativa;5.025.000,00
ERCR11;76.000,00;139,449698;1,22;58.304,44;1,30;;0,22;;;138.531.340,20;10,00;Passiva;2.376,00
ERPA11;119,00;0,725087;7,02;137,17;0,87;93.860,75;1,05;;;68.711.090,37;360,00;Passiva;500.922,00
ESTQ11;0,00;;0,00;0,05;;;70,29;;;3.188.453,42;5,00;Ativa;65.361.974,00
EURO11;244,79;1,900000;9,03;325,13;0,75;55.879,22;1,52;13,38;5,24;124.828.851,68;2.455,00;Passiva;383.936,00
EVBI11;98,96;0,750000;9,09;98,58;1,00;139.106,47;7,30;;;212.320.474,40;1.039,00;Ativa;2.153.893,00
EXES11;88,00;1,040000;9,70;93,35;0,94;2.992,00;40,60;;;38.508.383,37;53,00;Ativa;412.496,00
FAED11;177,00;1,481273;10,58;217,64;0,81;220.139,06;1,72;8,13;-6,87;139.762.085,60;4.804,00;Passiva;642.168,00
FAGL11;0,00;;0,00;;;;;;;;;;3.000.000,00
FAMB11B;1.048,00;9,160000;0,00;2.943,16;0,38;143.001,40;0,17;-9,82;-30,52;308.443.046,17;2.650,00;Passiva;104.800,00
FARU11;0,00;;0,00;;;;;;;;;;8.000.000,00
FATN11;95,32;0,840000;10,69;99,45;0,96;138.851,61;1,65;;;126.177.918,70;1.591,00;Ativa;1.268.696,00
FCAS11;0,00;0,121915;0,00;60,79;;;186,17;;;80.684.223,04;2,00;Passiva;1.327.300,00
FCFL11;115,00;0,790000;8,42;116,22;0,99;186.676,19;0,66;10,94;2,29;403.746.083,48;3.663,00;Ativa;3.474.010,00
FGPM11;0,00;;0,00;;;;;;;;;;0,00
FIGS11;61,43;0,710000;8,16;75,89;0,81;207.157,19;1,28;29,26;0,49;216.278.029,15;15.021,00;Passiva;2.850.000,00
FIIB11;505,87;3,250000;8,26;461,63;1,10;234.829,53;0,94;7,32;1,98;316.217.639,17;16.838,00;Passiva;685.000,00
FIIP11B;169,90;1,440000;9,59;203,20;0,84;65.696,31;1,17;11,65;-4,89;188.397.416,59;7.941,00;Passiva;927.162,00
FINF11;0,00;0,283845;0,00;40,96;;;2,41;4,44;;33.590.320,47;4,00;Ativa;820.112,00
FISC11;165,00;0,450000;2,09;115,19;1,43;;1,01;;;195.825.346,53;62,00;Ativa;1.699.996,00
FISD11;0,00;6,526269;0,00;66,72;;;10,54;;;71.557.817,65;24,00;Ativa;1.072.588,00
FIVN11;4,36;;0,00;7,68;0,57;32.816,44;0,00;;-3,87;72.282.504,88;3.900,00;Passiva;9.412.630,00
FLCR11;93,40;1,305000;13,99;99,17;0,94;164.128,61;6,13;;;62.831.792,34;2.699,00;Ativa;633.604,00
FLMA11;141,14;0,970000;7,68;159,83;0,88;82.384,08;1,43;28,16;-2,16;220.678.849,19;15.807,00;Ativa;1.380.670,00
FLRP11;1.925,00;18,000000;7,44;1.824,30;1,06;10.409,92;2,16;29,35;11,71;119.002.418,35;779,00;Passiva;65.232,00
FMOF11;57,00;0,150000;0,81;118,65;0,48;30.873,84;1,42;17,86;-15,36;60.277.587,87;280,00;Passiva;508.008,00
FOFT11;123,00;1,900000;0,00;110,21;1,12;;5,10;-47,71;;131.819.480,59;3.846,00;Ativa;1.196.040,00
FPAB11;171,71;1,000000;9,62;374,24;0,49;3.014,31;5,95;-2,13;-16,59;280.681.557,68;964,00;Passiva;750.000,00
FPNG11;69,50;0,690000;12,29;163,99;0,42;208,00;2,05;13,06;;236.822.769,73;68,00;Ativa;1.444.104,00
FRHY11;0,00;1,030000;0,00;73,10;;;9,53;;;9.539.601,46;7,00;Ativa;130.500,00
FTCE11B;2.900,89;86,123246;4,27;2.832,50;1,02;14.753,00;5,23;;;2.745.276.097,52;57,00;Ativa;969.205,00
FVBI11;94,97;0,369573;0,00;0,00;;;;142,93;-15,31;0,00;0,00;Passiva;0,00
FVPQ11;116,94;1,800000;9,21;192,69;0,61;57.922,83;2,75;-2,27;-10,30;539.558.038,53;3.885,00;Passiva;2.800.149,00
GALG11;9,15;0,082000;10,72;9,16;1,00;888.035,25;0,25;;;526.464.909,58;58.638,00;Ativa;57.485.300,00
GAME11;9,20;0,100000;13,37;10,16;0,91;252.837,92;0,53;;;220.478.093,86;22.625,00;Ativa;21.697.677,00
GCFF11;69,30;0,750000;9,58;77,51;0,89;87.694,83;4,26;;-11,73;27.939.468,78;1.759,00;Ativa;360.477,00
GCOI11;98,99;0,805870;0,81;97,98;1,01;53.949,50;12,20;;;11.071.700,91;357,00;Ativa;113.000,00
GCRI11;91,00;1,000000;14,54;95,74;0,96;182.114,31;7,79;;;139.187.439,32;3.811,00;Ativa;1.453.859,00
GESE11B;1.520,00;14,635409;10,98;1.761,28;0,86;;1,42;12,88;;91.586.792,41;55,00;Passiva;52.000,00
GGRC11;120,75;1,050000;9,81;113,86;1,06;1.444.726,33;3,78;11,02;-3,86;926.184.281,36;104.914,00;Ativa;8.134.118,00
GLOG11;69,60;0,650000;12,43;106,42;0,65;63.569,72;1,87;;;79.812.070,64;3.171,00;Ativa;750.000,00
GLPL11;0,00;;0,00;;;;;;;;;;0,00
GRLV11;104,51;0,170000;0,00;5,97;17,51;;2.489,44;135,25;-7,65;6.407.890,29;2.604,00;Passiva;1.073.530,00
GSFI11;7,46;;0,00;14,19;0,53;1.146.916,06;2,15;;37,84;1.066.817.479,30;6.808,00;Ativa;75.198.136,00
GTLG11;94,90;0,840000;9,00;90,77;1,05;7.316,25;4,42;;;651.092.685,06;191,00;Ativa;7.173.000,00
GTWR11;83,50;0,790000;11,05;95,02;0,88;1.117.009,72;1,18;4,18;-10,20;1.140.291.984,48;28.212,00;Ativa;12.000.000,00
GURB11;104,00;0,700000;1,49;111,12;0,94;2.531.962,40;5,32;;;126.134.309,16;20,00;Ativa;1.135.160,00
GVBI11;0,00;;0,00;;;;;;;;;;1.500.000,00
GZIT11;0,00;;0,00;84,22;;;4,71;;;1.783.209.380,21;1,00;Ativa;21.173.640,00
HAAA11;64,00;0,440000;9,28;80,72;0,79;1.565,53;0,21;;;278.890.336,47;308,00;Ativa;3.455.000,00
HABT11;96,20;1,200000;14,26;99,69;0,97;1.530.345,28;8,31;-7,17;-1,93;810.170.305,45;72.236,00;Ativa;8.126.783,00
HBCR11;111,27;0,638934;4,94;103,16;1,08;5.616.850,40;2,09;;;115.457.700,39;38,00;Ativa;1.119.161,00
HBRH11;94,48;0,586800;7,91;112,34;0,84;77.821,53;0,70;-2,30;-4,94;311.440.769,03;1.072,00;Ativa;2.772.204,00
HBTT11;1.055,00;16,580000;0,00;0,00;;;;;-6,36;0,00;0,00;Ativa;0,00
HCHG11;80,16;1,050000;14,88;97,62;0,82;34.294,42;4,86;;;117.148.230,75;813,00;Ativa;1.200.000,00
HCPR11;0,00;;0,00;;;;;;;;;;1.750.000,00
HCRI11;273,98;2,683763;9,39;308,21;0,89;37.917,83;1,75;0,09;-13,55;61.641.820,00;3.145,00;Passiva;200.000,00
HCST11;52,00;;0,00;102,28;0,51;1.125,06;1,24;;;47.808.047,00;81,00;Ativa;467.414,00
HCTR11;58,05;0,500000;18,00;110,53;0,53;2.970.722,75;0,57;-24,95;-21,63;2.440.960.968,17;209.088,00;Ativa;22.084.202,00
HDEL11;106,09;1,870000;5,40;78,49;1,35;7.956,50;64,60;;;29.668.960,50;58,00;Passiva;377.980,00
HDOF11;115,00;;0,00;97,83;1,18;8.050,00;8,40;;;201.099.713,52;109,00;Ativa;2.055.675,00
HFOF11;79,48;0,630000;9,45;82,66;0,96;2.005.218,89;1,55;3,27;-12,34;1.903.337.123,95;74.745,00;Ativa;23.027.000,00
HGBS11;223,74;1,450000;7,46;222,34;1,00;1.924.178,56;0,12;42,87;3,71;2.223.428.871,06;91.001,00;Ativa;10.000.000,00
HGCR11;105,70;1,200000;13,61;103,53;1,02;4.121.442,08;4,17;21,39;1,74;1.596.166.619,78;95.641,00;Ativa;15.418.106,00
HGFF11;89,00;0,650000;8,75;93,00;0,96;966.145,42;4,15;4,42;-2,97;266.323.658,89;13.150,00;Ativa;2.863.597,00
HGIC11;106,02;1,280000;11,62;116,83;0,91;590.118,26;16,27;;;54.058.557,87;364,00;Ativa;462.706,00
HGLG11;163,31;1,500000;9,00;153,84;1,06;9.266.272,81;35,67;5,08;-1,90;3.608.679.089,96;365.414,00;Ativa;23.456.675,00
HGPO11;282,80;1,600000;6,78;299,13;0,94;689.156,94;0,64;15,30;10,38;524.391.033,34;13.895,00;Passiva;1.753.057,00
HGRE11;141,37;1,400000;7,28;155,48;0,91;2.521.349,11;2,88;4,72;0,09;1.837.461.314,87;142.238,00;Ativa;11.817.767,00
HGRS11;0,00;;0,00;100,43;;;1,90;;;149.932.336,16;6,00;Ativa;1.492.940,00
HGRU11;130,20;1,400000;9,01;123,51;1,05;3.602.612,28;2,62;11,57;0,02;2.273.290.355,87;200.062,00;Ativa;18.406.458,00
HILG11;0,00;1,339980;0,00;180,94;;;0,34;;;94.468.935,50;50,00;Ativa;522.087,00
HLOG11;96,69;0,650000;8,04;114,95;0,84;101.857,31;0,30;0,52;-8,08;488.537.842,94;4.310,00;Ativa;4.250.000,00
HMOC11;226,95;23,800000;0,00;238,79;0,95;;0,67;122,18;3,45;91.223.530,50;209,00;Passiva;382.017,00
HOFC11;24,05;0,500000;9,78;89,33;0,27;98.044,53;0,42;-21,08;-34,32;337.567.091,65;7.538,00;Ativa;3.779.001,00
HOSI11;68,20;2,004400;11,48;92,07;0,74;9.170,03;3,79;;-3,71;52.797.350,72;1.668,00;Ativa;573.450,00
HPDP11;81,99;1,000000;7,40;89,49;0,92;8.481,23;0,51;31,16;-1,19;260.308.014,78;407,00;Passiva;2.908.813,00
HRDF11;5,28;6,800000;0,00;6,11;0,86;3.291,72;43,31;;30,98;9.277.649,58;1.063,00;Ativa;1.517.425,00
HREC11;82,99;0,900000;13,13;93,66;0,89;98.239,92;8,76;;;482.984.822,14;1.295,00;Ativa;5.156.765,00
HSAF11;88,88;1,100000;12,93;93,60;0,95;441.071,17;5,49;;;236.467.662,73;9.320,00;Ativa;2.526.360,00
HSLG11;95,00;0,730000;8,95;104,29;0,91;977.647,36;3,69;;;1.320.337.156,47;29.612,00;Ativa;12.660.067,00
HSML11;92,71;0,740000;9,13;95,10;0,97;2.853.916,75;4,93;25,40;2,52;1.500.704.182,37;157.081,00;Ativa;15.780.613,00
HSRE11;102,56;0,630000;7,37;93,35;1,10;2.271.387,40;1,69;;;830.655.516,38;201,00;Ativa;8.898.724,00
HTMX11;125,45;1,884932;10,18;137,77;0,91;591.379,00;4,91;13,06;2,16;207.257.088,16;26.181,00;Ativa;1.504.334,00
HUCG11;89,00;0,550000;7,57;102,53;0,87;3.698,50;45,09;;;115.035.182,13;230,00;Passiva;1.122.000,00
HUSC11;101,01;0,860000;10,60;145,26;0,70;10.921,85;1,75;3,25;-13,49;119.101.953,07;778,00;Passiva;819.907,00
HUSI11;1.136,80;7,962868;9,77;1.107,89;1,03;14.786,00;1,68;;5,04;128.915.777,56;89,00;Ativa;116.362,00
IBCR11;77,68;0,880000;14,71;96,65;0,80;122.990,22;3,08;;;92.634.835,51;4.033,00;Ativa;958.423,00
IBFF11;66,40;0,296485;0,45;14,78;4,49;162.549,50;101,13;;-3,98;9.855.905,16;3.870,00;Ativa;666.681,00
IDFI11;38,97;0,422228;14,53;40,04;0,97;199.371,53;20,04;;;82.408.919,07;356,00;Ativa;2.057.925,00
IRDM11;86,50;0,874934;13,02;89,63;0,97;4.802.266,14;5,48;-7,81;-5,35;3.265.514.030,59;288.674,00;Ativa;36.433.827,00
IRIM11;94,10;1,092136;13,23;95,95;0,98;94.215,83;3,17;;;184.215.853,07;2.881,00;Ativa;1.920.000,00
ITIP11;77,39;0,850000;13,02;78,27;0,99;101.749,39;1,55;;;58.556.594,36;2.496,00;Passiva;748.151,00
ITIT11;77,47;0,570000;9,08;86,58;0,89;108.942,00;0,28;;;77.961.866,55;8.295,00;Passiva;900.494,00
JASC11;100,00;0,550000;5,10;102,78;0,97;775.034,00;11,58;;;279.201.104,06;73,00;Ativa;2.716.375,00
JBFO11;92,01;0,530000;7,39;88,75;1,04;55.206,00;0,91;;;113.515.390,09;363,00;Ativa;1.279.070,00
JCDA11;0,00;;0,00;10,57;;;2,64;;;160.195.430,21;51,00;Passiva;15.159.655,00
JCDB11;0,00;;0,00;136,87;;;3,83;;;142.745.731,36;58,00;Ativa;1.042.957,00
JFLL11;73,00;0,620000;10,44;100,98;0,71;62.379,61;2,38;;;151.536.930,84;3.926,00;Ativa;1.500.598,00
JPPA11;98,78;1,330000;17,78;99,25;1,00;368.066,11;11,37;22,23;-1,19;89.729.539,93;8.967,00;Ativa;904.050,00
JPPC11;192,00;0,170000;0,00;405,27;0,47;8.264,33;7,01;;;22.289.787,58;88,00;Ativa;55.000,00
JRDM11;85,90;0,400000;8,78;88,84;0,97;100.590,41;0,41;28,90;4,21;224.143.181,16;4.001,00;Passiva;2.522.968,00
JSAF11;96,02;0,930000;11,63;98,74;0,97;648.971,56;3,51;;;155.330.152,82;5.016,00;Ativa;1.573.047,00
JSRE11;80,29;0,460000;7,14;112,73;0,71;2.877.783,53;0,30;-3,37;-7,34;2.340.997.304,52;97.550,00;Ativa;20.767.328,00
JTPR11;2.517,00;1,630372;0,00;81,26;30,97;;7,13;;;17.445.466,60;8,00;Ativa;214.674,00
KCRE11;96,15;1,100000;11,35;104,45;0,92;447.747,56;4,26;;;376.004.610,83;7.807,00;Ativa;3.600.000,00
KEVE11;1.049,80;0,744748;0,47;918,28;1,14;73.079,21;2,61;;;135.631.456,47;478,00;Passiva;147.700,00
KFOF11;97,52;1,000000;9,21;97,57;1,00;1.001.471,25;1,03;11,67;-5,35;442.312.455,66;16.220,00;Ativa;4.533.315,00
KINP11;9,82;3,053493;77,18;0,00;;38.394,20;;;-13,17;0,00;0,00;Ativa;0,00
KISU11;8,74;0,080000;10,25;9,20;0,95;784.400,33;2,05;;;406.617.799,57;122.190,00;Ativa;44.196.050,00
KIVO11;94,10;1,500000;17,16;94,39;1,00;228.341,42;4,89;;;114.694.165,67;2.288,00;Ativa;1.215.124,00
KNCR11;97,86;1,150000;14,14;100,87;0,97;15.477.221,53;4,54;55,17;4,08;5.759.279.230,75;245.313,00;Ativa;57.097.087,00
KNHF11;0,00;;0,00;102,38;;;9,90;;;860.435.615,39;10.447,00;Ativa;8.404.338,00
KNHY11;98,80;1,050000;11,95;102,48;0,96;3.082.869,06;2,16;-0,70;-3,01;1.894.929.728,94;14.901,00;Ativa;18.490.843,00
KNIP11;92,43;0,800000;10,25;99,26;0,93;11.197.370,31;2,77;-7,61;-5,22;7.948.291.981,88;69.685,00;Ativa;80.078.186,00
KNPR11;0,00;3,880000;0,00;101,23;;;4,55;;;58.702.425,08;593,00;Ativa;579.911,00
KNRE11;0,56;0,037742;61,33;0,75;0,75;14.085,58;16,54;;-48,83;13.997.388,53;6.357,00;Ativa;18.547.161,00
KNRI11;161,80;1,510000;7,28;160,19;1,01;4.005.615,89;1,59;13,55;0,55;3.869.615.565,11;250.909,00;Ativa;24.157.121,00
KNSC11;87,88;0,800000;11,48;91,45;0,96;3.962.641,00;2,98;;;1.214.035.236,80;99.532,00;Ativa;13.275.794,00
KNUQ11;0,00;0,650000;0,00;100,12;;;4,76;;;166.607.605,43;1,00;Ativa;1.664.049,00
LASC11;101,30;0,590000;8,91;102,04;0,99;503.448,39;4,30;18,02;6,44;300.034.047,66;365,00;Ativa;2.940.298,00
LATR11B;9,51;9,998500;202,33;0,00;;99,50;;;;0,00;0,00;Ativa;0,00
LAVF11;0,00;1,300000;0,00;0,00;;;;;;0,00;7,00;Ativa;44.600,00
LFTT11;53,01;3,668145;0,00;29,32;1,81;16.869,17;9,71;;-19,07;217.095.150,35;468,00;Ativa;7.404.543,00
LGCP11;85,10;0,640000;8,68;102,88;0,83;705.871,86;0,27;6,70;-5,30;279.338.172,69;14.727,00;Ativa;2.732.860,00
LIFE11;10,48;0,140000;15,88;10,16;1,03;222.007,64;19,04;;;173.769.718,07;2.584,00;Ativa;17.110.848,00
LKDV11;969,58;;0,00;997,25;0,97;581.748,00;1,21;;;66.627.583,44;68,00;Ativa;66.811,00
LLAO11;0,00;0,713833;0,00;95,45;;;22,10;;;34.469.557,72;78,00;Ativa;361.140,00
LOFT11B;29,90;0,201705;0,00;11,94;2,50;;3,68;;-34,21;23.430.677,87;1,00;Ativa;1.962.500,00
LPLP11;0,00;9,255081;0,00;511,99;;;0,27;;;131.546.707,05;4,00;Ativa;256.932,00
LRDI11;0,00;;0,00;98,56;;;1,08;;;30.960.063,69;18,00;Ativa;314.129,00
LSPA11;101,30;0,800000;8,95;114,36;0,89;20.260,00;0,96;;;46.256.811,82;224,00;Ativa;404.500,00
LUGG11;81,49;0,620000;8,24;123,49;0,66;45.408,39;3,20;4,80;-8,93;139.636.000,49;4.161,00;Ativa;1.130.706,00
LVBI11;117,00;0,780000;7,68;115,79;1,01;2.232.153,69;0,81;12,27;-2,61;1.363.470.925,81;74.695,00;Ativa;11.775.177,00
MADS11;0,00;;0,00;;;;;;;;;;0,00
MALL11;116,40;0,800000;8,04;119,99;0,97;3.364.161,31;2,28;19,39;10,33;1.094.884.496,36;117.354,00;Ativa;9.124.659,00
MANA11;9,92;0,120000;13,91;10,02;0,98;257.085,89;3,64;;;196.277.950,23;3.346,00;Ativa;19.592.872,00
MATV11;86,70;0,600000;8,30;93,73;0,93;31.640,76;15,13;;;39.926.993,67;325,00;Ativa;425.968,00
MAXR11;72,85;0,720000;10,66;123,54;0,59;70.664,78;1,44;0,17;-9,88;139.066.272,56;4.366,00;Ativa;1.125.655,00
MCCI11;94,82;0,950000;12,98;96,16;0,99;4.101.072,53;0,85;14,16;-1,63;1.630.807.046,34;113.901,00;Ativa;16.960.024,00
MCHF11;9,16;0,100000;13,74;9,52;0,96;1.197.981,44;5,53;;;308.021.584,59;74.173,00;Ativa;32.354.247,00
MCHY11;110,95;1,400000;16,94;101,78;1,09;445.364,33;7,83;;;365.382.526,69;811,00;;3.589.771,00
MFAI11;65,94;0,480000;9,33;73,53;0,95;32.684,03;0,59;-24,10;-13,90;26.209.993,53;3.199,00;Ativa;356.466,00
MFCR11;103,90;1,300000;11,14;105,72;0,98;3.572,00;1,20;;;10.701.951,48;104,00;Ativa;101.230,00
MFII11;93,99;1,110000;14,10;101,03;0,93;468.651,69;0,30;3,59;-8,13;424.053.046,14;28.724,00;Ativa;4.197.385,00
MGCR11;87,93;1,040000;13,92;91,76;0,96;278.273,44;17,48;;;130.507.537,77;4.158,00;Ativa;1.422.304,00
MGFF11;66,96;0,500000;9,42;75,14;0,89;1.274.141,94;2,10;-2,48;-10,13;680.024.021,35;47.002,00;Ativa;9.050.620,00
MGHT11;67,05;0,800000;13,42;87,20;0,77;150.936,64;5,19;7,26;-14,14;114.560.774,77;4.050,00;;1.313.784,00
MGIM11;101,50;0,176173;0,00;98,41;1,03;;101,04;;;24.337.124,08;75,00;Ativa;247.300,00
MGLC11;0,00;;0,00;;;;;;;;;;0,00
MGRI11;0,00;2,560000;0,00;109,49;;;14,53;;;24.087.821,89;1,00;Ativa;220.000,00
MINT11;106,51;;0,00;130,60;0,80;141.422,89;6,54;;;67.913.341,71;71,00;Ativa;520.000,00
MMPD11;0,00;5,180180;0,00;110,63;;;6,96;;;58.635.711,07;55,00;Ativa;530.000,00
MMVE11;163,84;;0,00;157,81;1,04;163,00;0,14;;;73.383.333,90;20,00;Ativa;465.000,00
MOFF11;0,00;;0,00;849,87;;;0,52;;;179.753.334,16;3,00;Ativa;211.506,00
MORC11;93,14;1,100000;14,56;98,16;0,95;322.237,25;8,05;;;148.091.439,77;5.847,00;Ativa;1.508.706,00
MORE11;74,31;0,620000;9,84;84,32;0,88;432.042,61;1,53;-6,42;-10,74;195.538.043,47;16.839,00;Ativa;2.319.115,00
MTOF11;0,00;;0,00;84,66;;;1,86;;;163.575.719,68;2,00;Ativa;1.932.221,00
MTRS11;0,00;;0,00;;;;;;;;;;0,00
MVFI11;0,00;;0,00;1,55;;;0,07;;;120.962.936,75;1,00;Ativa;78.155.673,00
MXRF11;10,56;0,120000;12,52;10,10;1,04;11.875.686,81;1,58;15,35;-1,14;2.283.035.193,96;871.906,00;Ativa;226.039.663,00
NAVT11;90,60;0,900000;11,39;96,96;0,93;303.734,97;2,50;;;102.245.545,93;2.177,00;Ativa;1.054.507,00
NCHB11;84,55;0,997686;16,30;91,26;0,92;321.291,08;10,83;10,24;;154.944.908,52;11.728,00;Ativa;1.697.932,00
NCRI11;9,44;0,100000;7,94;10,27;0,92;8.905,72;30,46;;;40.561.433,12;447,00;Ativa;3.949.999,00
NEWL11;109,80;1,370000;10,77;118,29;0,93;1.319.183,75;4,00;4,43;3,58;240.497.243,01;3.519,00;Ativa;2.033.099,00
NEWU11;73,33;0,140000;1,27;69,11;1,06;13.311,42;3,37;-25,78;14,23;51.277.626,53;1.517,00;Ativa;742.000,00
NPAR11;12,82;1,196695;0,00;14,07;0,91;;100,00;;-54,82;1.682.250,84;772,00;Ativa;119.589,00
NSLU11;179,55;1,538789;9,10;199,44;0,90;170.592,06;3,21;-13,69;-13,10;257.933.778,33;6.462,00;Passiva;1.293.286,00
NVHO11;10,05;0,083490;9,79;13,99;0,72;8.162,89;1,83;1,04;-9,57;580.462.423,32;2.223,00;Ativa;41.494.533,00
NVIF11B;227,50;0,444576;2,35;357,94;0,64;;;-19,10;;0,00;7,00;Ativa;337.399,00
OGHY11;10,06;0,130000;5,17;9,69;1,04;2.770,53;7,83;;;20.110.712,05;277,00;Ativa;2.075.000,00
ONEF11;193,00;1,020000;5,96;230,00;0,84;72.248,89;0,99;14,11;9,74;209.527.229,71;2.852,00;Passiva;911.000,00
ORPD11;93,00;1,379310;0,00;146,86;0,63;;0,00;;;42.588.784,40;6,00;Ativa;290.000,00
OUFF11;72,37;0,720000;11,86;77,80;0,93;212.374,47;2,45;6,50;-7,66;141.146.374,18;7.915,00;Ativa;1.814.336,00
OUJP11;100,25;1,250000;14,96;98,70;1,01;665.312,31;7,46;22,84;-4,07;321.005.862,95;28.763,00;Ativa;3.252.384,00
OULG11;41,70;0,420000;7,39;67,43;0,62;131.896,25;2,22;-19,47;-24,53;167.316.745,27;5.025,00;Ativa;2.481.284,00
OURE11;83,70;1,000000;14,76;92,10;0,91;135.263,81;6,37;12,82;-0,90;99.203.714,68;6.097,00;Ativa;1.077.087,00
PABY11;25,49;;0,00;-18,69;;3.768,64;;;19,47;-14.173.093,30;667,00;Passiva;758.400,00
PATB11;0,00;7,150317;0,00;174,06;;;2,24;;;673.519.286,24;56,00;Ativa;3.869.378,00
PATC11;73,48;0,580000;6,28;75,34;0,97;1.850.071,58;1,32;8,33;-4,92;261.990.534,52;7.457,00;Ativa;3.477.434,00
PATL11;72,10;0,540000;9,70;98,48;0,73;758.128,08;0,91;;;491.560.085,07;24.022,00;Ativa;4.991.535,00
PBLV11;926,98;39,645378;8,50;1.523,30;0,61;;2,25;;;5.666.736.472,74;2,00;Ativa;3.720.045,00
PCAS11;0,00;;0,00;6.663,58;;;0,64;;;466.450.480,45;50,00;Passiva;70.000,00
PEMA11;54,96;1,402000;16,00;73,61;0,75;2.000,91;2,06;;;40.630.073,13;390,00;Ativa;552.000,00
PLCR11;89,49;1,050000;14,06;93,01;0,96;494.234,78;12,32;15,33;2,21;196.179.275,36;15.315,00;Ativa;2.109.169,00
PLRI11;19,01;0,027265;8,54;31,39;0,61;9.283,50;1,24;-17,84;-20,98;29.959.485,88;739,00;Ativa;954.304,00
PNDL11;1.298,00;5,890000;0,45;998,78;1,30;158.356,00;25,95;;;96.026.085,61;56,00;Ativa;96.143,00
PNLN11;0,00;;0,00;56,53;;;25,56;;;928.874,51;51,00;Ativa;16.432,00
PNPR11;100,00;;0,00;103,79;0,96;1.343.333,33;0,31;;;90.382.680,72;24,00;Ativa;870.791,00
PNRC11;0,00;0,920000;0,00;101,43;;;1,65;;;41.594.761,88;60,00;Ativa;410.100,00
PORD11;89,99;1,080000;14,20;98,11;0,92;685.146,39;18,02;7,42;-3,16;365.774.015,78;24.909,00;Ativa;3.728.375,00
PQAG11;54,99;0,440000;9,49;57,10;0,96;7.028,83;0,02;-11,02;-55,64;798.910.211,59;485,00;Ativa;13.991.890,00
PQDP11;1.960,01;16,992011;10,14;3.121,62;0,64;122.539,08;2,03;22,72;-13,71;766.397.505,75;4.054,00;Passiva;245.513,00
PRSN11B;1,28;0,171678;13,41;4,08;0,31;1.080,81;11,56;;-31,83;13.180.833,66;756,00;Ativa;3.231.246,00
PRSV11;84,30;1,620000;0,00;212,69;0,40;4.446,22;7,53;28,92;-36,68;41.473.681,85;1.001,00;Passiva;195.000,00
PRTS11;117,70;0,054870;0,00;0,06;1.961,67;;103,36;;;3.111.607,44;11,00;Ativa;55.727.500,00
PRZS11;0,00;;0,00;147,09;;;0,38;;;103.927.150,01;20,00;Ativa;706.540,00
PVBI11;101,44;0,610000;6,96;101,98;1,00;4.637.080,94;0,63;;0,39;1.238.297.162,79;108.549,00;Ativa;12.142.208,00
QAGR11;48,48;0,420000;10,25;57,68;0,84;225.046,28;1,52;2,07;-15,49;290.724.376,00;23.323,00;Ativa;5.040.000,00
QAMI11;79,70;0,950000;13,63;94,03;0,85;25.003,83;5,54;;;75.353.395,87;1.455,00;Ativa;801.398,00
QIRI11;78,04;0,660000;1,76;89,61;0,87;6.867,57;100,31;;;13.441.852,95;173,00;Ativa;150.000,00
RBBV11;100,00;0,224057;0,00;100,84;0,99;;1,01;75,40;3,14;126.470.249,69;3.475,00;Passiva;1.254.164,00
RBCB11;19,00;0,300000;0,00;0,00;;;;-15,04;;0,00;462,00;Ativa;53.100,00
RBDS11;2,94;2,354143;0,00;22,54;0,13;1.007,88;24,69;18,99;-56,85;2.851.592,32;966,00;Ativa;126.523,00
RBED11;136,00;1,260000;10,97;144,54;0,94;221.947,97;5,85;6,97;-7,11;340.399.659,17;12.930,00;Ativa;2.355.022,00
RBFF11;60,00;0,530000;10,07;68,21;0,88;586.929,39;3,83;-0,33;-4,23;255.716.107,74;19.703,00;Ativa;3.749.215,00
RBGS11;28,45;0,176600;0,00;90,78;0,31;;0,52;4,91;-10,74;97.865.283,71;2.808,00;Passiva;1.078.000,00
RBHG11;89,00;1,100000;14,99;92,07;0,97;573.131,06;5,58;22,54;2,98;159.060.003,36;9.183,00;Ativa;1.727.582,00
RBHY11;94,00;1,200000;15,97;93,92;1,00;223.767,50;1,54;;;177.837.999,09;3.625,00;Ativa;1.893.505,00
RBIR11;83,00;0,050963;1,61;103,94;0,80;78.693,57;0,45;;0,82;158.888.142,33;1.448,00;Ativa;1.528.615,00
RBLG11;101,00;0,880000;10,38;101,75;0,99;3.702,24;1,69;;;65.141.741,92;201,00;Ativa;640.199,00
RBOP11;365,32;2,400000;30,81;770,86;0,48;100.513,22;7,11;8,11;-33,98;78.368.583,98;3.794,00;Ativa;101.664,00
RBRD11;37,89;0,320000;9,82;66,22;0,57;35.217,61;3,24;-42,12;-21,49;122.626.022,43;9.259,00;Passiva;1.851.786,00
RBRF11;82,05;0,630000;9,19;86,57;0,94;2.884.906,47;1,31;-1,02;-6,65;1.184.405.899,09;99.614,00;Ativa;13.680.770,00
RBRI11;915,00;35,620000;0,00;1.194,68;0,77;48.495,00;0,28;;;163.028.776,44;87,00;;136.462,00
RBRL11;93,72;0,670000;8,16;105,67;0,89;719.772,28;1,21;-2,47;-7,00;706.643.408,43;11.635,00;Ativa;6.687.035,00
RBRM11;94.794,81;2.002,089652;19,40;27.515,26;3,45;;0,16;;;14.830.725,51;54,00;;539,00
RBRP11;58,98;0,270000;6,41;82,08;0,72;1.199.474,22;1,55;-13,52;-10,72;999.718.628,52;91.009,00;Ativa;12.179.186,00
RBRR11;90,10;0,800000;11,98;96,37;0,94;3.981.438,06;3,16;12,92;-2,79;1.295.083.503,17;135.000,00;Ativa;13.438.908,00
RBRS11;55,62;0,400000;9,04;94,21;0,59;16.576,86;2,55;;;163.384.443,16;1.240,00;Ativa;1.734.299,00
RBRU11;0,00;;0,00;;;;;;;;;;0,00
RBRX11;94,59;1,170000;15,18;96,24;0,98;523.751,69;1,88;;;180.988.468,62;4.027,00;Ativa;1.880.688,00
RBRY11;99,92;1,250000;14,02;100,05;1,00;1.468.901,33;2,84;16,53;0,28;554.956.265,00;34.281,00;Ativa;5.546.804,00
RBTS11;1.121,00;2,653693;30,53;844,63;1,33;22.420,00;2,66;;;47.742.706,26;60,00;Ativa;56.525,00
RBVA11;108,64;1,000000;11,09;108,41;1,00;718.402,00;0,55;3,43;-6,40;1.256.242.711,16;46.055,00;Ativa;11.588.199,00
RBVO11;9,09;0,010000;2,37;17,92;0,51;6.897,25;5,85;-38,61;-25,08;9.245.780,78;2.629,00;;515.824,00
RCFA11;2,90;;0,00;17,26;0,16;3.070,11;0,02;;32,91;10.077.927,71;278,00;Passiva;583.926,00
RCFF11;85,00;1,231214;1,37;93,74;0,96;14.496,58;10,12;;0,00;30.297.230,19;90,00;Ativa;323.200,00
RCKF11;0,00;;0,00;;;;;;;;;;1.500.000,00
RCRB11;147,60;0,750000;6,00;208,05;0,71;604.102,33;1,82;-3,34;-4,73;767.843.976,07;28.595,00;Ativa;3.690.695,00
RCRI11B;1.200,00;12,481836;0,00;365,40;3,28;;70,80;;;18.639.596,10;149,00;Ativa;51.012,00
RECH11;0,00;;0,00;;;;;;;;;;0,00
RECR11;88,25;0,907900;12,26;96,00;0,92;4.578.192,69;2,51;-8,50;-4,08;2.538.515.899,05;187.242,00;Ativa;26.441.650,00
RECT11;51,99;0,400000;11,49;92,48;0,56;553.828,81;0,32;-10,22;-19,06;790.075.186,65;74.010,00;Ativa;8.543.493,00
RECX11;69,88;0,600000;11,87;76,86;0,91;16.429,83;3,00;;;16.779.178,33;680,00;Ativa;218.313,00
REIT11;195,90;1,860000;16,15;299,68;0,65;462,50;8,68;;-45,27;7.878.787,25;68,00;Ativa;26.291,00
RELG11;61,02;0,700000;9,56;123,30;0,49;171.964,31;0,18;;;164.550.477,91;7.170,00;Ativa;1.334.562,00
RFOF11;78,73;0,700000;10,75;82,73;0,95;76.465,39;2,15;6,95;0,96;89.198.093,05;5.032,00;Ativa;1.078.164,00
RINV11;110,10;1,850000;5,86;109,43;1,01;202.135,56;8,16;;;32.841.805,62;199,00;Ativa;300.129,00
RMAI11;49,00;0,260000;6,24;99,21;0,50;64.369,23;0,59;;;242.445.330,82;1.185,00;Ativa;2.443.800,00
RNDP11;113,50;0,740000;13,64;179,98;0,63;5.174,58;4,68;-29,62;-49,85;19.344.530,14;1.139,00;Ativa;107.481,00
RNGO11;49,30;0,400000;10,27;86,48;0,57;58.304,89;1,69;0,67;-12,42;231.423.039,83;11.263,00;Passiva;2.676.000,00
ROOF11;525,00;41,715400;15,88;589,22;0,89;31.490,44;7,98;;;45.661.527,65;76,00;Ativa;77.495,00
RPRI11;97,72;1,150000;14,94;101,91;0,96;400.537,81;5,10;;;228.456.235,67;2.813,00;Ativa;2.241.755,00
RRCI11;84,20;1,000000;14,49;93,12;0,90;35.657,67;1,14;;;44.861.022,87;2.222,00;Ativa;481.757,00
RSPD11;1.125,00;8,638802;4,63;1.161,49;0,97;;1,64;;;173.074.979,58;105,00;Ativa;149.011,00
RVBI11;83,01;0,750000;10,86;86,45;0,96;213.930,97;1,23;4,31;-0,77;124.486.443,18;12.129,00;Ativa;1.440.000,00
RZAK11;89,84;1,200000;18,10;93,10;0,96;4.453.331,14;1,40;;;820.013.230,20;46.942,00;Ativa;8.807.885,00
RZAT11;92,46;0,900000;12,53;100,20;0,92;803.491,06;0,31;-17,03;-54,86;371.547.925,50;37.399,00;Ativa;3.708.168,00
RZDM11;550,16;2,900000;1,56;270,26;2,04;20.710.244,33;9,49;;;43.241.429,79;4,00;Ativa;160.000,00
RZTR11;94,54;0,850000;12,96;97,29;0,97;1.911.523,06;5,50;;;1.074.905.610,79;90.522,00;Ativa;11.048.018,00
SACL11;0,00;;0,00;;;;;;;;;;0,00
SADI11;83,44;1,000000;14,98;95,12;0,88;279.331,28;3,03;70,61;4,54;147.315.789,65;9.184,00;Ativa;1.548.684,00
SAIC11B;37,88;0,662215;0,00;55,44;0,68;2.159,00;2,79;;-2,44;79.265.522,30;50,00;Passiva;1.429.740,00
SALI11;0,00;;0,00;101,61;;;4,74;;;8.084.536,98;1,00;Passiva;79.565,00
SARE11;61,31;0,590000;12,29;94,61;0,65;1.409.470,58;4,45;13,93;-11,32;873.686.774,40;43.405,00;Ativa;9.234.329,00
SBCL11;0,00;;0,00;788,77;;;169,36;;;23.662.985,55;2,00;Ativa;30.000,00
SCPF11;5,07;0,024000;5,14;11,71;0,43;4.231,50;2,30;-12,11;-18,11;49.192.491,18;5.115,00;Ativa;4.200.000,00
SEED11;98,99;0,800000;11,85;90,01;1,10;148.483,00;1,53;;;147.613.837,28;122,00;Ativa;1.640.000,00
SEQR11;66,30;0,711400;12,34;93,45;0,71;229.518,53;1,83;;;150.313.400,73;5.261,00;Ativa;1.608.552,00
SFND11;83,07;4,250000;0,00;8,81;9,43;;10,18;116,69;;8.642.418,28;54,00;Passiva;981.472,00
SFRO11;0,00;;0,00;5,93;;;102,53;;;5.191.438,53;20,00;Passiva;875.758,00
SHDP11B;0,00;7,347744;0,00;1.289,02;;;1,84;25,75;;1.892.012.755,19;3,00;Passiva;1.467.793,00
SHOP11;68,00;;0,00;47,51;1,43;124,67;2,46;;;70.381.684,00;38,00;Ativa;1.481.266,00
SHPH11;795,00;7,820000;6,32;891,68;0,87;147.924,57;1,42;16,92;-5,73;542.990.118,05;2.536,00;Passiva;608.950,00
SHSO11;0,00;0,830000;0,00;99,84;;;4,42;;;19.967.685,15;1,00;Ativa;200.000,00
SIGR11;100,00;1,060775;9,90;101,13;0,99;1.000,00;24,20;;;39.381.108,57;53,00;Ativa;389.395,00
SJAU11;79,04;;0,00;95,93;0,82;2.651,31;0,08;;;760.947.676,86;163,00;Passiva;7.932.248,00
SNCI11;99,98;1,100000;12,76;99,06;1,01;649.229,72;2,09;;;416.033.824,15;44.132,00;Ativa;4.200.000,00
SNEL11;100,00;;0,00;101,16;0,99;;3,36;;;50.582.105,09;3.363,00;Ativa;500.026,00
SNFF11;87,45;0,650000;9,83;93,28;0,94;367.193,08;4,69;;;263.994.969,62;31.253,00;Ativa;2.830.000,00
SNLG11;35,81;0,350000;7,71;63,43;0,56;44.779,67;2,98;;;119.765.997,95;3.730,00;Ativa;1.888.174,00
SOLR11;1.128,06;4,770765;6,41;944,32;1,19;1.058,50;1,20;;;59.381.364,74;52,00;Ativa;62.883,00
SPAF11;0,00;7,193025;0,00;1.009,24;;;1,41;34,33;;11.374.147,37;1,00;Ativa;11.270,00
SPDE11;0,00;;0,00;975,05;;;30,18;;;40.094.098,95;78,00;Ativa;41.120,00
SPMO11;99,00;0,430000;0,43;125,14;0,79;327,67;0,02;;;226.216.418,09;6,00;Ativa;1.807.730,00
SPTW11;42,30;0,420000;11,73;55,97;0,76;108.005,86;6,34;-31,65;-19,31;100.642.345,35;29.140,00;Passiva;1.798.000,00
SPVJ11;0,00;0,670000;0,00;116,40;;;0,95;-0,65;;734.756.328,76;29,00;Ativa;6.312.090,00
SPXS11;95,00;1,200000;9,57;97,26;0,98;472.499,58;7,82;;;120.425.898,30;3.759,00;Ativa;1.238.196,00
SRVD11;5,70;0,200000;0,00;0,01;570,00;281,71;119,07;;;573.440,85;101,00;Ativa;96.286.020,00
STRX11;8,52;0,740000;107,63;163,94;0,05;;0,67;-73,82;;264.528.600,66;55,00;Ativa;1.613.559,00
TBOF11;15,56;0,822740;0,00;0,21;74,10;;492,15;74,62;;2.097.587,74;9.180,00;Passiva;10.050.000,00
TCIN11;133,42;;0,00;126,07;1,06;309.589,50;1,61;;;107.118.128,19;116,00;Ativa;849.660,00
TCPF11;1,26;2,010000;1.704,76;125,27;0,01;;6,89;;;37.245.313,11;51,00;Ativa;297.327,00
TELD11;0,00;;0,00;23,67;;;4,05;;;11.118.612,82;2,00;Ativa;469.760,00
TELF11;0,00;;0,00;;;;;;;;;;0,00
TELM11;0,00;;0,00;;;;;;;;;;500.000,00
TEPP11;88,00;0,810000;7,22;95,02;0,93;1.027.387,69;2,12;3,54;-1,01;401.175.109,20;11.338,00;Ativa;4.221.967,00
TFOF11;138,00;2,370000;0,00;121,20;1,14;;13,36;29,98;;103.080.374,68;3.278,00;Ativa;850.530,00
TGAR11;122,49;1,380000;14,00;119,48;1,03;4.297.211,31;1,00;7,02;-2,70;1.647.016.644,13;106.348,00;Ativa;13.784.500,00
THRA11;138,50;0,130000;0,00;9,54;14,52;;140,47;90,73;-0,84;14.050.683,35;2.084,00;Passiva;1.472.728,00
TJKB11;267,16;2,630000;10,89;268,00;1,00;10.938,75;0,06;;;202.866.835,18;76,00;Ativa;756.974,00
TMPS11;105,00;1,290000;1,23;107,86;0,97;66.792,03;1,92;;;105.588.835,12;1.805,00;Ativa;978.968,00
TORD11;3,50;0,050000;11,11;12,43;0,28;252.839,53;0,46;;-31,71;435.804.566,37;102.655,00;Ativa;35.051.354,00
TORM13;142,00;10,562960;0,00;0,00;;;;;;0,00;0,00;Ativa;0,00
TOUR11;8,80;0,242328;0,00;0,00;;;;;;0,00;0,00;Ativa;0,00
TRBL11;99,95;0,830000;9,72;95,88;1,04;1.226.382,03;1,25;11,88;-1,57;613.157.980,81;64.024,00;Ativa;6.395.050,00
TRNT11;113,95;0,480000;4,07;196,62;0,58;47.503,59;0,69;-6,62;-14,45;773.826.565,24;699,00;Passiva;3.935.562,00
TRXB11;132,05;0,880000;8,45;112,94;1,17;579,58;1,18;;;323.111.400,58;200,00;Passiva;2.860.950,00
TRXF11;109,85;0,900000;9,65;105,07;1,05;4.241.303,17;0,86;11,01;1,55;1.260.068.389,62;100.710,00;Ativa;11.992.687,00
TSER11;115,14;0,920000;9,74;102,47;1,12;1.390,75;7,36;;;131.658.252,35;24,00;Ativa;1.284.884,00
TSNC11;0,00;0,625958;0,00;92,43;;;7,84;-23,66;;100.446.415,39;66,00;Ativa;1.086.780,00
TSNM11;0,00;;0,00;;;;;;;;;;3.500.000,00
URPR11;99,99;1,340000;15,44;100,15;1,00;2.294.686,72;3,97;-14,19;;1.169.227.865,13;93.071,00;Ativa;11.675.248,00
VCJR11;89,11;1,000000;11,35;96,31;0,93;2.383.837,72;5,31;4,22;-4,41;1.418.020.810,14;18.279,00;Ativa;14.723.970,00
VCRI11;8,60;0,105000;16,51;9,64;0,89;295.917,58;3,43;;;171.280.699,73;9.867,00;Ativa;17.773.297,00
VCRR11;81,00;0,700000;10,05;128,42;0,63;118.887,94;6,05;;;256.840.092,11;3.633,00;Ativa;2.000.000,00
VDSV11;0,00;;0,00;999,89;;;10,58;;;13.696.442,66;198,00;Ativa;13.698,00
VERE11;233,49;2,070000;13,86;363,88;0,64;;1,69;4,28;;207.746.390,88;53,00;Ativa;570.920,00
VGHF11;9,76;0,120000;12,88;9,43;1,04;2.049.767,44;2,76;;;687.333.452,58;264.782,00;Ativa;72.889.247,00
VGIP11;91,46;1,000000;11,24;93,39;0,97;2.161.158,06;2,46;-5,62;-2,73;1.100.809.866,36;85.155,00;Ativa;11.787.247,00
VGIR11;9,58;0,130000;15,64;9,65;0,99;4.344.520,25;1,57;38,38;5,40;995.817.375,70;192.453,00;Ativa;103.220.707,00
VIDS11;0,00;;0,00;902,72;;;0,64;;;75.315.617,83;1.493,00;Ativa;83.432,00
VIFI11;8,29;0,070000;9,17;9,42;0,88;219.660,31;4,35;0,49;-56,07;76.210.842,33;6.639,00;Ativa;8.089.190,00
VILG11;108,00;0,700000;7,59;111,96;0,97;2.375.988,53;2,68;7,37;-3,28;1.679.078.750,87;158.088,00;Ativa;14.997.396,00
VINO11;47,03;0,310000;8,28;54,34;0,87;876.984,69;4,56;-7,20;-7,61;900.167.469,92;122.636,00;Ativa;16.565.259,00
VISC11;120,89;0,850000;7,82;115,26;1,05;4.757.736,44;3,25;30,52;5,85;2.142.723.763,82;254.109,00;Ativa;18.591.052,00
VIUR11;8,27;0,072000;10,46;9,07;0,91;400.737,72;5,87;;;244.360.149,32;35.181,00;Ativa;26.946.220,00
VJFD11;0,00;0,720000;0,00;136,27;;;1,17;;;664.479.247,69;97,00;Ativa;4.876.129,00
VLIQ11;0,00;;0,00;0,00;;;;;;0,00;1,00;Ativa;0,00
VLJS11;1.141,14;28,819221;0,00;974,10;1,17;;2,62;;;25.393.397,91;9,00;Passiva;26.068,00
VLOL11;98,00;1,856441;7,56;111,06;0,88;160.238,13;16,46;14,56;-2,12;198.219.080,15;3.127,00;Passiva;1.784.828,00
VOTS11;86,70;0,910000;15,33;93,32;0,93;11.687,06;2,15;33,20;3,13;77.257.062,30;690,00;Ativa;827.913,00
VPSI11;0,00;0,160034;0,00;21,42;;;0,87;37,72;;172.930.708,63;53,00;Passiva;8.071.897,00
VRTA11;92,10;0,920000;12,73;93,68;0,98;1.937.389,08;2,13;6,33;-6,10;1.460.771.267,12;121.868,00;Ativa;15.592.424,00
VSEC11;0,21;0,080000;1.171,43;4,51;0,05;2,50;81,13;-0,62;-86,78;282.954,59;64,00;Ativa;62.735,00
VSHO11;81,48;0,720000;9,42;100,71;0,80;127.631,61;1,27;25,57;-2,90;211.375.587,23;3.158,00;Ativa;2.098.800,00
VSLH11;4,50;0,030000;19,44;10,09;0,45;347.361,06;0,39;;;301.419.637,16;92.652,00;Ativa;29.864.091,00
VTLT11;97,00;0,880000;10,56;101,06;0,96;145.517,92;3,11;5,04;-4,59;213.742.259,55;6.199,00;Ativa;2.115.000,00
VTPA11;0,00;;0,00;100,54;;;0,00;;;65.347.857,95;1,00;Ativa;650.000,00
VTPL11;0,00;5,110000;0,00;77,03;;;2,95;;;106.779.533,28;53,00;Ativa;1.386.242,00
VTRT11;0,00;0,107508;0,00;100,80;;;20,14;;;1.030.654.046,20;499,00;Ativa;10.224.963,00
VTVI11;0,00;;0,00;34,58;;;1,31;;;61.592.522,98;1,00;Ativa;1.780.984,00
VTXI11;0,00;;0,00;10,29;;;21,36;;;1.064.977,00;2,00;Ativa;103.500,00
VVCO11;13,00;0,323281;0,00;14,17;0,92;36.939,67;1,62;;19,07;71.035.155,34;3.625,00;Ativa;5.014.556,00
VVCR11;21,84;0,780000;24,66;22,72;0,96;94.498,58;24,47;3,05;-35,59;24.491.609,92;2.853,00;Ativa;1.078.042,00
VVPR11;101,50;0,892340;2,44;98,03;1,04;1.249.061,55;1,27;;-0,89;226.032.234,18;1.372,00;Ativa;2.305.771,00
VVRI11;100,00;1,500000;5,60;96,13;1,04;8.211,28;8,08;;;38.453.843,56;70,00;Ativa;400.000,00
VXXV11;1.030,00;10,760000;0,00;1.058,62;0,97;11.019.810,50;0,12;;;281.979.413,59;21,00;Ativa;266.364,00
WHGR11;9,51;0,110000;12,01;10,09;0,94;712.300,53;1,96;;;253.268.651,57;7.564,00;Ativa;25.089.531,00
WPLZ11;71,50;0,640000;8,20;87,70;0,82;5.774,39;1,25;-0,67;-3,51;89.521.758,66;1.842,00;Passiva;1.020.747,00
WSEC11;89,97;1,069000;12,57;100,57;0,89;7.532,03;4,74;;;24.706.198,90;439,00;Ativa;245.651,00
WTSP11B;39,00;0,240001;4,48;72,60;0,54;563,50;0,71;5,07;-14,68;72.060.703,05;199,00;Ativa;992.565,00
XBXO11;0,00;;0,00;95,17;;;0,00;;;289.570.502,06;6,00;Ativa;3.042.600,00
XPCI11;85,54;0,910000;12,25;94,90;0,90;2.128.657,69;0,42;4,37;0,44;825.747.460,62;72.635,00;Ativa;8.701.551,00
XPCM11;13,49;0,070000;11,24;42,05;0,32;43.526,75;4,10;-43,91;-39,37;101.533.554,80;25.785,00;Passiva;2.414.570,00
XPHT11;122,60;1,900000;13,16;98,81;1,24;270.070,33;1,95;;8,84;375.923.751,45;1.347,00;Ativa;3.804.642,00
XPHT12;33,00;;0,00;98,81;0,33;135.401,52;1,95;;-25,48;375.923.751,45;1.347,00;Ativa;3.804.642,00
XPIN11;80,70;0,650000;9,54;102,11;0,79;467.317,25;2,72;1,01;-10,83;730.158.376,54;44.757,00;Ativa;7.150.422,00
XPLG11;114,18;0,790000;7,79;113,06;1,01;3.871.510,17;3,22;7,98;-3,54;3.064.092.496,84;311.732,00;Ativa;27.101.061,00
XPML11;104,10;0,830000;9,05;98,46;1,05;6.884.855,44;14,27;33,08;0,95;2.472.953.622,74;325.070,00;Ativa;25.117.345,00
XPPR11;22,75;0,100000;11,61;70,58;0,32;261.301,44;3,39;-27,49;-36,53;516.356.911,54;63.142,00;Ativa;7.316.171,00
XPSF11;8,29;0,080000;10,99;8,73;0,95;684.759,72;2,84;0,63;-4,70;378.160.463,54;44.443,00;Ativa;43.302.140,00
YUFI11;80,01;0,330000;3,26;101,69;0,79;4.102,11;13,15;;;50.096.123,92;58,00;Ativa;492.650,00
ZAVI11;127,00;1,160000;7,91;137,09;0,93;174.029,58;8,64;;;127.018.551,30;2.473,00;Ativa;926.518,00
ZIFI11;1.000,00;3,304958;0,00;1.206,86;0,83;11.995,57;0,06;;;57.307.512,13;64,00;Ativa;47.485,00
