TICKER;PRECO;DY;P/L;P/VP;P/ATIVOS;MARGEM BRUTA;MARGEM EBIT;MARG. LIQUIDA;P/EBIT;EV/EBIT;DIVIDA LIQUIDA / EBIT;DIV. LIQ. / PATRI.;PSR;P/CAP. GIRO;P. AT CIR. LIQ.;LIQ. CORRENTE;ROE;ROA;ROIC;PATRIMONIO / ATIVOS;PASSIVOS / ATIVOS;GIRO ATIVOS;CAGR RECEITAS 5 ANOS;CAGR LUCROS 5 ANOS; LIQUIDEZ MEDIA DIARIA; VPA; LPA; PEG Ratio; VALOR DE MERCADO
AAIC;4,67;;28,96;0,62;0,16;100,00;121,48;16,12;3,84;20,04;16,20;2,59;4,67;;-0,16;;2,13;0,57;4,14;0,27;0,73;0,04;-25,44;-20,59;;7,59;0,16;;132.443.068,00
AAT;20,90;6,22;25,83;1,04;0,42;63,63;28,52;11,45;10,37;23,53;13,15;1,32;2,96;;-0,42;;4,04;1,63;4,20;0,40;0,60;0,14;6,06;8,39;;20,05;0,81;;1.268.981.120,00
ABR;16,05;12,52;9,53;0,96;0,18;98,77;441,34;125,83;2,72;13,48;10,76;3,81;11,99;;-0,18;;10,10;1,84;6,57;0,18;0,82;0,01;3,69;34,73;;16,68;1,68;;2.907.635.655,00
ACC;65,42;;154,52;2,95;1,22;51,87;18,95;6,00;48,96;67,23;18,27;1,10;9,28;;-1,22;;1,91;0,79;2,80;0,41;0,58;0,13;3,69;-18,56;;22,18;0,42;;9.124.977.860,00
ACRE;10,72;12,31;82,03;0,82;0,24;;;;6,93;24,73;17,80;2,10;;;-0,24;;0,99;0,29;3,50;0,29;0,71;0,00;;-0,41;;13,14;0,13;;586.085.984,00
ADC;65,61;4,38;40,63;1,27;0,88;87,68;50,63;32,85;26,37;35,09;8,73;0,42;13,35;;-0,88;;3,14;2,15;3,35;0,69;0,31;0,07;30,97;21,27;;51,47;1,61;;6.114.747.024,00
AFCG;13,12;16,46;7,50;0,79;0,60;;;;6,13;6,29;0,16;0,02;;;-0,60;;10,59;7,99;10,01;0,75;0,25;0,00;;;;16,52;1,75;;268.389.280,00
AFIN;8,23;;-97,09;0,58;0,28;74,05;20,65;-3,17;14,92;39,26;24,35;0,94;3,08;;-0,28;;-0,59;-0,28;1,93;0,48;0,52;0,09;11,83;;;14,30;-0,08;;1.016.458.495,00
AFINO;25,70;;-303,19;1,80;0,86;74,05;20,65;-3,17;46,58;39,26;24,35;0,94;9,62;;-0,86;;-0,59;-0,28;1,93;0,48;0,52;0,09;11,83;;;14,30;-0,08;;1.016.458.495,00
AFINP;26,01;;-306,85;1,82;0,87;74,05;20,65;-3,17;47,15;39,26;24,35;0,94;9,74;;-0,87;;-0,59;-0,28;1,93;0,48;0,52;0,09;11,83;;;14,30;-0,08;;1.016.458.495,00
AGNC;10,20;14,12;-8,45;0,78;0,09;;;;17,02;35,08;18,06;0,83;;;-0,09;;-9,23;-1,09;2,09;0,12;0,88;0,00;;;;13,08;-1,21;;6.076.262.400,00
AGNCM;22,31;7,70;-18,48;1,71;0,20;;;;37,23;35,08;18,06;0,83;;;-0,20;;-9,23;-1,09;2,09;0,12;0,88;0,00;;;;13,08;-1,21;;6.076.262.400,00
AGNCN;25,29;9,02;-20,95;1,93;0,23;;;;42,20;35,08;18,06;0,83;;;-0,23;;-9,23;-1,09;2,09;0,12;0,88;0,00;;;;13,08;-1,21;;6.076.262.400,00
AGNCO;22,90;7,10;-18,97;1,75;0,21;;;;38,21;35,08;18,06;0,83;;;-0,21;;-9,23;-1,09;2,09;0,12;0,88;0,00;;;;13,08;-1,21;;6.076.262.400,00
AGNCP;21,11;7,25;-17,49;1,61;0,19;;;;35,23;35,08;18,06;0,83;;;-0,19;;-9,23;-1,09;2,09;0,12;0,88;0,00;;;;13,08;-1,21;;6.076.262.400,00
AHH;12,30;6,22;14,43;1,32;0,37;31,10;26,28;11,16;6,13;6,08;-0,04;-0,01;1,61;;-0,37;;9,13;2,59;17,94;0,28;0,72;0,23;8,45;28,85;;9,34;0,85;;835.647.240,00
AHT;3,72;;-0,88;-0,60;0,03;33,14;9,42;-10,99;1,03;27,64;26,61;;0,10;-0,04;-0,04;0,14;-67,78;-3,79;3,29;-0,06;1,05;0,35;-2,92;;;-6,22;-4,21;;128.258.160,00
AIC;24,42;6,91;151,41;3,22;0,86;100,00;121,48;16,12;20,09;20,04;16,20;2,59;24,41;;-0,86;;2,13;0,57;4,14;0,27;0,73;0,04;-25,44;-20,59;;7,59;0,16;;132.443.068,00
AIRC;35,78;5,03;10,34;2,59;0,81;66,00;86,28;64,21;7,69;12,92;5,22;1,76;6,64;;-0,81;;25,07;7,86;11,89;0,31;0,67;0,12;-5,10;24,13;;13,80;3,46;;5.338.365.266,00
AIV;8,72;0,23;22,08;2,44;0,59;62,04;87,96;31,80;7,98;14,22;6,24;1,90;7,02;;-0,59;;11,04;2,68;8,38;0,24;0,68;0,08;-28,31;-24,84;;3,58;0,39;;1.295.933.264,00
AIW;25,00;;155,01;3,30;0,88;100,00;121,48;16,12;20,57;20,04;16,20;2,59;24,99;;-0,88;;2,13;0,57;4,14;0,27;0,73;0,04;-25,44;-20,59;;7,59;0,16;;132.443.068,00
AJX;7,03;14,08;-5,91;0,50;0,11;;;;6,62;42,69;36,07;2,73;;;-0,11;;-8,46;-1,94;1,54;0,23;0,77;0,00;;;;14,06;-1,19;;165.243.665,00
AJXA;24,60;7,37;-20,70;1,75;0,40;;;;23,15;42,69;36,07;2,73;;;-0,40;;-8,46;-1,94;1,54;0,23;0,77;0,00;;;;14,06;-1,19;;165.243.665,00
AKR;15,15;4,75;-37,06;0,86;0,34;68,19;-0,97;-11,92;-457,20;-1.000,85;-543,65;1,03;4,42;;-0,34;;-2,33;-0,93;-0,10;0,40;0,59;0,08;5,59;;;17,55;-0,41;;1.442.466.345,00
ALEX;18,82;4,68;50,04;1,21;0,74;31,58;8,28;6,69;40,42;54,10;13,67;0,41;3,35;;-0,74;;2,42;1,48;0,98;0,61;0,39;0,22;-11,54;;;15,53;0,38;;1.366.215.316,00
ALX;179,26;10,04;16,85;4,14;0,66;55,21;43,32;25,93;10,09;17,96;7,87;3,23;4,37;;-0,66;;24,58;3,94;6,92;0,16;0,84;0,15;-2,25;-6,47;;43,27;10,64;;915.534.598,00
AMH;36,38;2,20;42,14;1,93;1,06;55,42;34,00;20,38;25,27;28,62;3,36;0,26;8,59;;-1,06;;4,57;2,51;5,58;0,55;0,45;0,12;9,19;27,52;;18,89;0,86;;13.161.607.332,00
AMT;185,49;3,32;62,20;15,99;1,29;69,77;23,83;12,85;33,53;47,73;14,20;6,77;7,99;-21,18;-1,36;0,46;25,71;2,08;5,74;0,08;0,92;0,16;9,96;7,34;;11,60;2,98;;86.446.353.168,00
ANH;2,98;;-2,68;0,72;0,12;;;;-5,03;24,95;29,98;-4,31;;;-0,12;;-27,04;-4,64;-9,45;0,17;0,82;0,00;;;;4,12;-1,11;;295.925.866,36
APLE;15,17;6,00;21,75;1,10;0,73;58,75;17,29;12,39;15,59;22,28;6,69;0,47;2,69;;-0,73;;5,07;3,35;4,72;0,66;0,34;0,27;0,00;-4,52;;13,77;0,70;;3.474.131.761,00
APTS;25,00;;105,44;1,40;0,43;69,54;28,71;3,83;14,06;33,84;19,77;1,96;4,04;;-0,43;;1,32;0,41;3,21;0,31;0,69;0,11;20,97;;;17,91;0,24;;1.611.075.000,00
ARE;117,85;4,11;27,55;1,08;0,55;69,76;37,05;27,67;20,57;30,91;10,33;0,54;7,62;;-0,55;;3,92;2,01;3,26;0,51;0,49;0,07;18,07;29,11;;109,15;4,28;;20.389.652.760,00
ARI;11,84;11,82;5,78;0,71;0,18;100,00;909,84;418,93;2,66;13,19;10,53;2,82;24,20;;-0,18;;12,34;3,05;6,76;0,25;0,75;0,01;;6,56;;16,61;2,05;;1.673.503.488,00
ARR;4,98;22,09;-4,92;0,80;0,07;;;;32,70;43,14;10,45;0,26;;;-0,07;;-16,28;-1,49;1,67;0,09;0,91;0,00;;;;6,22;-1,01;;973.652.748,00
AVB;193,72;3,35;26,93;2,46;1,36;100,00;47,74;38,49;21,71;27,89;6,19;0,70;10,36;;-1,36;;9,15;5,06;6,46;0,55;0,45;0,13;3,74;5,21;;78,66;7,19;;27.508.065.652,00
BDN;4,58;16,59;18,67;0,50;0,20;63,24;23,98;8,30;6,47;23,06;16,59;1,27;1,55;;-0,20;;2,66;1,06;3,27;0,40;0,60;0,13;-0,56;-14,84;;9,22;0,25;;787.370.242,00
BFS;38,08;6,20;23,28;2,30;0,49;74,13;45,13;15,86;8,18;19,31;11,13;3,13;3,69;;-0,49;;9,87;2,10;6,76;0,21;0,79;0,13;1,67;0,79;;16,57;1,64;;911.147.776,00
BHR;3,86;4,15;112,44;0,65;0,11;33,19;12,53;0,31;2,81;13,00;10,19;2,36;0,35;-0,25;-0,13;0,29;0,58;0,09;5,20;0,16;0,62;0,30;10,09;-5,06;;5,94;0,03;;254.563.526,00
BNL;15,96;6,89;22,19;0,97;0,56;94,77;52,38;31,12;13,18;21,65;8,46;0,62;6,91;;-0,56;;4,37;2,52;4,49;0,58;0,42;0,08;17,55;17,38;;16,45;0,72;;2.987.775.840,00
BPYU;18,52;;-0,83;0,44;0,03;57,68;-4,09;-57,47;-11,61;-274,32;-262,70;9,86;0,48;;-0,03;;-52,70;-4,04;-0,55;0,08;0,88;0,07;-8,65;;;42,49;-22,39;;710.173.476,00
BPYUP;25,20;;-1,13;0,59;0,05;57,68;-4,09;-57,47;-15,80;-274,32;-262,70;9,86;0,65;;-0,05;;-52,70;-4,04;-0,55;0,08;0,88;0,07;-8,65;;;42,49;-22,39;;710.173.476,00
BRG;26,60;;18,42;16,07;0,31;63,36;34,40;18,88;10,11;22,56;12,45;19,78;3,48;;-0,31;;87,20;1,67;5,39;0,02;0,59;0,09;22,09;;;1,66;1,44;;813.284.360,00
BRMK;4,83;10,87;-4,90;0,69;0,61;100,00;-482,36;-516,72;-5,25;-5,73;-0,48;0,06;25,31;;-0,61;;-14,13;-12,50;-11,92;0,88;0,12;0,02;-13,38;;;6,98;-0,99;;636.353.949,00
BRT;20,27;4,93;10,88;1,60;0,54;100,00;66,18;43,57;7,16;15,35;8,19;1,83;4,74;;-0,54;;14,69;4,97;7,59;0,34;0,66;0,11;-7,79;54,51;;12,69;1,86;;388.776.573,00
BRX;22,66;4,50;17,60;2,36;0,82;74,33;47,20;31,44;11,72;20,20;8,47;1,70;5,53;;-0,82;;13,40;4,63;7,40;0,35;0,65;0,15;-1,04;3,36;;9,61;1,29;;6.810.410.882,00
BXMT;22,33;11,11;14,42;0,85;0,15;0,00;75,29;16,71;3,20;2,77;-0,43;-0,11;2,41;;-0,15;;5,88;1,05;26,39;0,18;0,82;0,06;20,01;2,70;;26,32;1,55;;3.847.155.312,00
BXP;60,90;6,44;12,19;1,58;0,39;63,31;47,16;24,82;6,41;15,81;9,40;2,31;3,03;;-0,39;;12,93;3,18;7,08;0,25;0,75;0,13;3,62;13,44;;38,66;5,00;;9.551.281.950,00
CCI;110,38;5,59;28,63;6,63;1,23;70,39;34,57;23,83;19,73;28,78;9,05;3,04;6,82;-39,56;-1,27;0,52;23,15;4,28;8,15;0,18;0,82;0,18;10,42;40,31;;16,66;3,86;;47.868.638.094,00
CDR;29,00;67,31;-7,87;0,89;0,38;63,71;-23,43;-40,14;-13,48;-31,60;-18,12;1,20;3,16;;-0,38;;-11,33;-4,89;-3,00;0,43;0,57;0,12;-3,33;;;32,53;-3,69;;393.103.700,00
CHCT;35,88;4,97;98,59;1,91;1,06;82,82;22,59;9,44;41,21;56,94;15,74;0,73;9,31;;-1,06;;1,94;1,08;2,65;0,56;0,44;0,11;21,25;44,38;;18,80;0,36;;943.801.872,00
CHMI;4,13;23,24;-3,84;0,41;0,07;78,95;4,78;-51,24;41,10;-430,30;-471,41;-4,68;1,97;;-0,07;;-10,64;-1,88;0,44;0,18;0,82;0,04;17,33;-14,42;;10,12;-1,08;;106.541.197,00
CIM;5,79;15,03;-5,85;0,51;0,09;100,00;53,98;-63,51;6,88;22,05;15,17;1,12;3,71;;-0,09;;-8,67;-1,62;3,34;0,19;0,81;0,03;-6,51;;;11,42;-0,99;;1.343.836.998,00
CIO;5,55;12,61;-21,04;0,28;0,14;62,02;12,72;-5,80;9,60;38,31;28,72;0,84;1,22;;-0,14;;-1,33;-0,67;1,53;0,50;0,50;0,12;11,13;24,17;;19,81;-0,26;;221.658.675,00
CLDT;9,61;2,19;45,03;0,60;0,35;45,53;13,34;3,39;11,44;22,00;10,55;0,55;1,53;;-0,35;;1,33;0,78;3,27;0,59;0,41;0,23;-0,47;-20,59;;16,06;0,21;;469.504.238,00
CLI;18,35;;-62,91;1,28;0,37;76,04;-7,77;-8,36;-67,74;-163,38;-95,64;1,80;5,26;;-0,37;;-2,03;-0,58;-0,66;0,29;0,60;0,07;-12,02;;;14,36;-0,29;;1.671.382.225,00
CLNC;10,32;;-2,93;0,86;0,22;43,42;-47,68;-322,28;-19,84;-73,24;-53,41;2,30;9,46;;-0,22;;-29,14;-7,34;-1,45;0,25;0,75;0,02;9,43;;;12,07;-3,52;;1.330.917.768,00
CLNY;8,50;;-0,49;0,19;0,07;65,74;-147,61;-222,45;-0,74;-4,54;-3,79;0,99;1,10;1,60;-0,08;1,65;-39,38;-13,62;-12,42;0,35;0,65;0,06;9,25;;;43,68;-17,20;;1.359.110.050,00
CLPR;6,09;7,80;-15,95;9,78;0,08;52,02;18,40;-4,67;4,05;51,56;47,51;114,80;0,74;;-0,08;;-61,31;-0,50;2,02;0,01;0,99;0,11;4,53;;;0,62;-0,38;;97.824.888,00
CMCT;4,88;6,97;-33,32;0,30;0,12;41,79;10,20;-3,14;10,26;54,07;43,81;1,27;1,05;;-0,12;;-0,89;-0,35;1,09;0,39;0,60;0,11;-15,47;-56,50;;16,45;-0,15;;110.960.952,00
CMCTP;28,10;5,55;-191,87;1,71;0,67;41,79;10,20;-3,14;59,07;54,07;43,81;1,27;6,03;;-0,67;;-0,89;-0,35;1,09;0,39;0,60;0,11;-15,47;-56,50;;16,45;-0,15;;110.960.952,00
CMO;6,50;;9,33;0,72;0,08;100,00;121,01;73,55;5,67;66,03;60,36;7,68;6,86;;-0,08;;7,73;0,86;1,43;0,11;0,89;0,01;-12,46;;;9,01;0,70;;629.691.400,00
COLD;32,57;2,70;-1.914,96;2,37;1,09;25,13;3,20;-0,16;95,22;130,08;34,87;0,87;3,05;;-1,09;;-0,12;-0,06;1,04;0,46;0,54;0,36;13,56;;;13,72;-0,02;;8.799.247.994,00
CONE;90,36;;468,41;4,05;1,59;55,95;7,05;2,10;139,42;179,79;40,38;1,17;9,83;-44,32;-1,77;0,74;0,87;0,34;1,19;0,39;0,61;0,16;17,91;4,92;;22,29;0,19;;11.850.659.784,00
COR;169,90;;84,80;-848,50;3,47;67,53;23,16;13,87;50,78;62,80;12,02;;11,76;;-3,47;;-1.000,61;4,09;8,34;0,00;1,00;0,29;12,73;24,64;;-0,20;2,00;;7.509.189.230,00
CORR;1,10;9,09;-0,92;0,15;0,04;48,23;-0,35;-14,66;-38,85;-500,25;-461,40;1,77;0,14;;-0,04;;-16,07;-3,94;-0,56;0,24;0,76;0,27;8,53;;;7,40;-1,19;;17.638.060,00
CPLG;15,98;;-33,36;1,06;0,61;17,49;-0,65;-6,05;-311,32;-437,32;-126,00;0,43;2,02;;-0,61;;-3,19;-1,83;-0,42;0,57;0,43;0,30;;;;15,01;-0,48;;933.952.698,00
CPT;110,89;3,50;19,26;2,40;1,27;62,90;50,02;41,18;15,85;20,84;4,98;0,75;7,93;;-1,27;;12,46;6,61;8,56;0,53;0,47;0,16;9,45;41,00;;46,21;5,76;;11.838.849.269,00
CTO;17,54;8,67;-73,36;0,83;0,41;71,02;9,48;-6,04;46,75;100,35;53,60;0,95;4,43;;-0,41;;-1,13;-0,55;0,66;0,49;0,51;0,09;16,32;-40,32;;21,08;-0,24;;398.182.556,00
CTRE;20,13;5,51;36,42;2,38;1,23;95,02;47,47;29,30;22,48;30,36;7,88;0,84;10,67;;-1,23;;6,54;3,39;5,67;0,52;0,48;0,12;7,42;;;8,45;0,55;;2.002.431.750,00
CTT;10,37;;9,18;2,54;0,99;52,76;72,43;59,22;7,50;11,39;3,89;1,32;5,43;;-0,99;;27,70;10,81;13,63;0,39;0,61;0,18;4,53;;;4,08;1,13;;510.983.824,00
CUBE;46,51;4,09;29,80;3,72;1,66;71,41;43,82;34,13;23,21;29,99;6,78;1,09;10,17;;-1,66;;12,49;5,57;7,67;0,45;0,54;0,16;12,55;20,68;;12,50;1,56;;10.449.745.874,00
CUZ;23,69;5,40;22,32;0,78;0,47;65,98;30,38;20,69;15,20;25,54;10,34;0,53;4,62;;-0,47;;3,50;2,12;3,35;0,61;0,39;0,10;10,33;-5,06;;30,32;1,06;;3.593.628.491,00
CXP;19,28;;26,56;0,87;0,55;53,97;42,59;32,85;20,48;32,31;11,83;0,50;8,72;;-0,55;;3,29;2,06;2,80;0,63;0,37;0,06;-11,89;21,00;;22,06;0,73;;2.215.246.936,00
CXW;9,25;;9,09;0,74;0,34;23,06;13,05;6,25;4,35;8,66;4,31;0,73;0,57;12,51;-0,39;1,31;8,15;3,79;7,80;0,46;0,54;0,61;0,89;-7,23;;12,49;1,02;;1.051.327.250,00
DBRG;16,60;0,24;-9,85;1,85;0,25;63,69;-19,80;-24,63;-12,25;-5,51;6,75;-1,02;2,43;;-0,25;;-18,80;-2,54;-11,94;0,14;0,85;0,10;-15,25;;;8,96;-1,68;;2.690.048.260,00
DEA;14,33;7,40;47,75;1,05;0,47;65,90;26,01;9,58;17,59;33,35;15,76;0,94;4,57;;-0,47;;2,20;0,99;3,05;0,45;0,55;0,10;17,58;47,90;;13,63;0,30;;1.338.277.267,00
DEI;13,50;6,30;25,47;0,92;0,24;65,65;24,42;8,94;9,32;29,46;20,14;1,99;2,28;;-0,24;;3,61;0,93;3,17;0,26;0,74;0,10;4,12;0,57;;14,69;0,53;;2.292.430.950,00
DHC;2,67;1,50;-1,13;0,25;0,11;14,59;-6,14;-43,11;-7,90;-37,71;-29,81;0,93;0,49;;-0,11;;-22,00;-10,03;-1,52;0,46;0,54;0,23;3,62;;;10,78;-2,37;;639.952.275,00
DHCNI;13,08;10,75;-5,51;1,21;0,55;14,59;-6,14;-43,11;-38,69;-37,71;-29,81;0,93;2,38;;-0,55;;-22,00;-10,03;-1,52;0,46;0,54;0,23;3,62;;;10,78;-2,37;;639.952.275,00
DHCNL;14,40;10,85;-6,07;1,34;0,61;14,59;-6,14;-43,11;-42,59;-37,71;-29,81;0,93;2,62;;-0,61;;-22,00;-10,03;-1,52;0,46;0,54;0,23;3,62;;;10,78;-2,37;;639.952.275,00
DLR;118,30;4,13;100,61;2,00;0,82;56,20;16,44;6,99;42,75;65,25;22,50;1,05;7,03;;-0,82;;1,99;0,82;2,16;0,41;0,56;0,12;13,80;8,75;;59,08;1,18;;34.466.361.930,00
DOC;14,32;6,42;33,64;1,18;0,67;66,40;35,03;19,51;18,74;28,39;9,66;0,61;6,56;;-0,67;;3,51;2,00;3,92;0,57;0,43;0,10;8,99;22,30;;12,12;0,43;;3.413.867.952,00
DRE;48,20;0,58;19,55;2,95;1,69;41,81;95,22;85,63;17,58;21,08;3,50;0,59;16,74;;-1,69;;15,06;8,66;10,01;0,57;0,43;0,10;8,65;22,27;;16,37;2,47;;18.556.648.140,00
DRH;7,95;1,51;16,91;1,05;0,52;39,43;15,51;9,41;10,26;16,78;6,53;0,67;1,59;;-0,52;;6,21;3,10;5,78;0,50;0,50;0,33;2,86;3,60;;7,57;0,47;;1.667.824.140,00
DX;12,59;12,39;5,03;0,76;0,19;7,73;87,17;51,35;2,96;-0,42;-3,38;-0,86;2,58;;-0,19;;15,03;3,76;6,45;0,25;0,75;0,07;20,76;33,40;;16,66;2,50;;681.288.965,00
EARN;7,17;13,39;-9,54;0,86;0,09;;;;7,61;-66,04;-73,64;-8,35;;;-0,09;;-9,04;-0,92;11,11;0,10;0,90;0,00;;;;8,31;-0,75;;99.163.968,00
EGP;185,44;2,70;49,23;4,05;2,02;100,00;41,41;32,86;39,07;47,55;8,48;0,88;16,18;;-2,02;;8,22;4,10;5,50;0,50;0,50;0,12;12,18;17,48;;45,84;3,77;;8.235.538.752,00
ELS;67,16;2,55;44,02;8,67;2,27;47,27;28,94;19,72;30,00;38,37;8,36;2,42;8,68;;-2,27;;19,70;5,15;8,41;0,26;0,74;0,26;9,11;8,43;;7,74;1,53;;12.505.843.452,00
EPR;45,27;7,29;20,34;1,35;0,59;91,64;48,01;24,94;10,56;19,19;8,63;1,10;5,07;;-0,59;;6,62;2,91;5,93;0,44;0,56;0,12;4,89;-7,69;;33,62;2,23;;3.407.889.384,00
EPRT;24,87;4,42;24,62;1,41;0,89;98,90;65,04;50,10;18,97;25,91;6,95;0,52;12,34;;-0,89;;5,73;3,63;4,80;0,63;0,37;0,07;39,39;84,37;;17,62;1,01;;3.701.603.547,00
EQC;20,38;25,76;44,13;0,95;0,93;100,00;97,26;81,67;37,06;1,82;-35,24;-0,90;36,04;;-0,93;;2,15;2,11;2,49;0,98;0,02;0,03;-28,61;4,67;;21,53;0,46;;2.235.718.608,00
EQIX;810,00;1,61;92,87;6,30;2,42;48,96;17,76;10,84;56,68;66,40;9,72;1,08;10,06;33,83;-2,78;2,28;6,78;2,61;4,30;0,38;0,62;0,24;10,70;24,76;;128,62;8,72;;75.753.873.000,00
EQR;67,93;3,79;28,13;2,31;1,28;64,05;44,65;32,84;20,68;26,44;5,75;0,64;9,24;;-1,28;;8,22;4,55;6,72;0,55;0,43;0,14;2,05;5,29;;29,39;2,42;;25.738.996.271,00
ESRT;7,96;1,76;23,53;1,35;0,31;60,67;26,87;7,46;6,53;16,24;9,71;2,00;1,75;;-0,31;;5,72;1,30;6,00;0,23;0,77;0,18;0,49;-8,56;;5,91;0,34;;1.276.698.828,00
ESS;243,10;3,71;31,93;2,78;1,27;68,64;52,50;29,84;18,15;24,96;6,81;1,04;9,53;;-1,27;;8,70;3,98;7,45;0,46;0,54;0,13;3,33;3,03;;87,55;7,61;;15.602.546.960,00
EXR;156,88;4,62;24,83;6,51;1,75;77,37;57,90;43,02;18,45;24,04;5,59;1,97;10,68;;-1,75;;26,23;7,03;10,64;0,27;0,73;0,16;11,73;12,41;;24,09;6,32;;21.186.565.560,00
FCPT;26,24;5,15;23,15;2,02;1,04;100,00;59,86;43,12;16,68;23,32;6,64;0,80;9,98;28,82;-1,10;2,85;8,72;4,49;6,43;0,51;0,49;0,10;10,87;6,49;;12,99;1,13;;2.283.554.368,00
FPI;12,83;1,87;73,63;1,18;0,58;76,85;50,03;15,08;22,19;36,34;14,15;0,75;11,10;;-0,58;;1,60;0,78;2,96;0,49;0,42;0,05;5,78;8,08;;10,86;0,17;;665.951.414,00
FR;54,49;2,26;19,02;2,93;1,46;73,32;62,45;67,19;20,46;26,46;5,99;0,86;12,78;;-1,46;;15,41;7,65;6,93;0,50;0,50;0,11;6,38;9,67;;18,59;2,86;;7.205.931.968,00
FRT;100,65;4,29;21,54;2,80;0,99;67,20;64,49;34,92;11,66;17,90;6,24;1,50;7,52;;-0,99;;13,02;4,61;9,49;0,35;0,62;0,13;4,62;5,86;;35,89;4,67;;8.204.525.010,00
FSP;1,62;2,47;21,84;0,22;0,14;46,90;19,32;4,75;5,37;17,95;12,58;0,51;1,04;;-0,14;;1,00;0,63;2,63;0,63;0,37;0,13;-9,49;;;7,45;0,07;;167.242.158,00
GEO;7,13;;5,56;0,75;0,24;100,00;18,06;6,64;2,04;6,18;4,14;1,52;0,37;8,55;-0,28;1,27;13,46;4,37;12,21;0,32;0,68;0,66;0,98;3,28;;9,52;1,28;;898.551.120,00
GLPI;48,31;6,42;16,93;3,37;1,14;100,00;81,39;55,38;11,52;17,28;5,76;1,68;9,38;-35,92;-1,14;0,02;19,89;6,74;10,71;0,34;0,66;0,12;6,19;12,46;;14,35;2,85;;12.674.403.867,00
GMRE;9,88;8,50;57,13;1,06;0,47;100,00;32,89;8,00;13,90;27,09;13,20;1,00;4,57;-1,00;-0,51;0,13;1,85;0,83;3,57;0,45;0,55;0,10;35,24;;;9,35;0,17;;647.433.436,00
GNL;10,87;14,72;-250,46;0,81;0,28;91,07;29,67;-1,20;10,12;31,81;21,69;1,74;3,00;;-0,28;;-0,32;-0,11;2,56;0,35;0,65;0,09;7,88;-12,59;;13,43;-0,04;;1.128.813.629,00
GOOD;13,29;10,18;63,97;2,81;0,45;82,04;28,65;5,54;12,37;29,19;16,82;3,82;3,54;;-0,45;;4,40;0,70;4,59;0,16;0,70;0,13;9,46;9,38;;4,72;0,21;;531.584.052,00
GOODM;25,01;;120,38;5,29;0,84;82,04;28,65;5,54;23,28;29,19;16,82;3,82;6,67;;-0,84;;4,40;0,70;4,59;0,16;0,70;0,13;9,46;9,38;;4,72;0,21;;531.584.052,00
GOODN;17,98;9,21;86,54;3,81;0,61;82,04;28,65;5,54;16,73;29,19;16,82;3,82;4,79;;-0,61;;4,40;0,70;4,59;0,16;0,70;0,13;9,46;9,38;;4,72;0,21;;531.584.052,00
GPMT;5,57;15,26;-3,62;0,31;0,08;;;;4,29;19,90;15,61;1,12;;;-0,08;;-8,51;-2,28;3,04;0,27;0,73;0,00;;;;18,08;-1,54;;286.999.820,00
GTY;32,99;5,15;19,12;1,95;1,01;87,22;73,76;50,43;13,08;18,28;5,20;0,78;9,65;;-1,01;;10,21;5,29;8,27;0,52;0,48;0,10;6,62;13,80;;16,90;1,72;;1.632.793.864,00
HASI;27,70;5,56;146,16;1,83;0,58;100,00;850,77;119,10;20,46;27,07;6,61;0,59;174,07;;-0,58;;1,25;0,39;2,86;0,31;0,69;0,00;48,75;6,11;;15,13;0,19;;2.961.456.860,00
HHC;82,43;;26,61;1,17;0,43;39,19;21,32;9,71;12,12;23,56;11,44;1,11;2,58;;-0,43;;4,40;1,62;3,39;0,37;0,63;0,17;7,89;-2,60;;70,35;3,10;;4.120.510.840,00
HIW;25,28;7,91;16,65;1,07;0,44;68,38;31,99;19,17;9,98;22,11;12,14;1,31;3,19;;-0,44;;6,45;2,64;4,65;0,41;0,58;0,14;3,36;-3,01;;23,54;1,52;;2.665.973.184,00
HR;18,86;31,07;229,42;0,98;0,53;63,15;26,27;2,82;24,65;43,14;18,48;0,73;6,48;;-0,53;;0,43;0,23;2,28;0,54;0,46;0,08;16,75;50,13;;19,32;0,08;;7.182.206.734,00
HST;17,44;4,07;15,43;1,81;1,01;66,30;19,66;15,42;12,10;15,66;3,56;0,53;2,38;-29,25;-1,06;0,57;11,72;6,58;8,90;0,56;0,43;0,43;-1,85;2,34;;9,64;1,13;;12.404.039.552,00
HT;6,32;18,20;1,99;0,38;0,17;31,97;55,52;31,75;1,14;3,09;1,95;0,65;0,63;;-0,17;;19,09;8,77;16,75;0,46;0,54;0,28;-4,02;7,41;;16,65;3,18;;252.018.216,00
HTA;29,19;16,51;70,91;2,08;0,98;68,73;24,81;12,13;34,66;50,82;16,16;0,97;8,60;;-0,98;;2,94;1,38;3,04;0,47;0,53;0,11;10,72;16,93;;14,02;0,41;;6.686.725.521,00
IIPR;76,81;9,37;13,54;1,10;0,89;95,08;63,24;55,25;11,83;12,85;1,02;0,10;7,48;;-0,89;;8,12;6,59;7,76;0,81;0,19;0,12;112,22;;;69,85;5,67;;2.153.368.350,00
ILPT;3,88;1,03;-0,45;0,34;0,05;86,50;-2,83;-132,76;-21,03;-360,03;-339,00;5,41;0,60;;-0,05;;-74,73;-10,06;-0,24;0,13;0,87;0,08;19,92;;;11,57;-8,65;;254.396.080,00
INDT;66,99;1,04;10.674,44;1,76;1,16;77,84;2,40;0,12;555,42;672,60;117,19;0,37;13,33;;-1,16;;0,02;0,01;0,12;0,66;0,34;0,09;2,31;5,72;;38,01;0,01;;683.164.020,00
INN;6,35;2,83;128,61;0,72;0,23;75,81;12,06;0,74;7,90;24,04;16,15;1,47;0,95;-0,50;-0,24;0,14;0,56;0,18;3,37;0,31;0,67;0,24;5,57;-56,96;;8,80;0,05;;682.430.055,00
INVH;35,33;2,72;52,61;2,12;1,17;60,66;31,87;17,90;29,55;39,69;10,14;0,73;9,42;;-1,17;;4,02;2,22;4,03;0,55;0,45;0,12;16,24;;;16,70;0,67;;21.619.080.605,00
IRM;61,40;4,03;30,91;32,83;1,09;57,17;22,69;11,20;15,27;24,49;9,22;19,83;3,46;-44,14;-1,20;0,80;106,20;3,52;9,53;0,03;0,96;0,31;5,82;26,77;;1,87;1,99;;17.905.670.620,00
IRT;17,71;3,28;77,54;1,12;0,61;59,27;22,08;8,02;28,17;46,56;18,39;0,73;6,22;;-0,61;;1,44;0,79;2,28;0,55;0,45;0,10;31,28;31,16;;15,88;0,23;;3.977.472.961,00
IVR;11,57;18,15;-2,92;0,58;0,08;;;;-9,80;105,38;115,18;-6,79;;;-0,08;;-19,75;-2,89;-5,81;0,15;0,85;0,00;;;;20,03;-3,96;;481.858.104,00
JBGS;15,97;5,64;20,20;0,66;0,31;65,79;35,45;14,76;8,41;17,99;9,58;0,75;2,98;;-0,31;;3,25;1,51;4,15;0,46;0,46;0,10;2,21;;;24,30;0,79;;1.779.760.680,00
KIM;20,65;4,41;77,17;1,33;0,71;69,02;23,92;9,52;30,70;47,06;16,36;0,71;7,34;;-0,71;;1,72;0,92;1,96;0,54;0,46;0,10;7,55;-21,63;;15,57;0,27;;12.800.765.670,00
KRC;32,68;6,61;16,21;0,70;0,35;71,60;31,55;21,00;10,79;22,12;11,33;0,74;3,40;;-0,35;;4,35;2,15;3,57;0,50;0,50;0,10;8,82;7,16;;46,39;2,02;;3.827.514.280,00
KREF;12,95;13,28;-26,45;0,59;0,11;100,00;3.310,95;-393,98;3,15;17,57;14,42;2,71;104,19;;-0,11;;-2,24;-0,43;4,84;0,19;0,81;0,00;;-8,39;;21,90;-0,49;;894.780.250,00
KRG;22,96;4,09;526,80;1,36;0,70;73,78;14,02;1,17;44,10;69,68;25,57;0,79;6,18;;-0,70;;0,26;0,13;1,71;0,51;0,48;0,11;17,45;;;16,90;0,04;;5.035.722.664,00
LADR;11,27;8,16;9,83;0,94;0,24;59,09;341,19;128,83;3,71;12,61;8,90;2,24;12,66;;-0,24;;9,52;2,48;6,73;0,26;0,74;0,02;-6,50;8,65;;12,04;1,15;;1.430.709.595,00
LAMR;102,21;5,09;24,67;8,98;1,62;66,96;28,34;20,57;17,91;23,67;5,76;2,89;5,08;-32,39;-1,71;0,51;36,38;6,55;12,43;0,18;0,82;0,32;5,69;6,69;;11,39;4,14;;10.415.955.354,00
LAND;16,99;3,24;114,92;0,83;0,43;96,42;33,82;5,83;19,83;38,14;18,31;0,76;6,71;;-0,43;;0,72;0,37;2,29;0,52;0,48;0,06;28,85;;;20,58;0,15;;606.780.860,00
LANDO;20,68;7,25;139,88;1,01;0,52;96,42;33,82;5,83;24,13;38,14;18,31;0,76;8,16;;-0,52;;0,72;0,37;2,29;0,52;0,48;0,06;28,85;;;20,58;0,15;;606.780.860,00
LANDP;19,95;0,63;134,94;0,97;0,50;96,42;33,82;5,83;23,28;38,14;18,31;0,76;7,87;;-0,50;;0,72;0,37;2,29;0,52;0,48;0,06;28,85;;;20,58;0,15;;606.780.860,00
LFT;1,98;12,12;13,03;0,43;0,09;;;;1,90;0,92;-0,98;-0,22;;;-0,09;;3,30;0,70;18,91;0,21;0,79;0,00;;52,78;;4,61;0,15;;103.417.776,00
LOAN;4,90;12,24;11,15;1,31;0,76;100,00;57,01;57,00;11,15;16,76;5,61;0,66;6,36;1,17;-146,22;2,92;11,78;6,85;7,09;0,58;0,42;0,12;7,69;8,67;;3,73;0,44;;56.295.610,00
LSI;140,28;3,12;32,60;3,35;1,62;73,35;44,92;33,96;24,64;31,60;6,96;0,95;11,07;;-1,62;;10,27;4,96;6,95;0,48;0,49;0,15;14,40;30,02;;41,90;4,30;;11.936.383.116,00
LTC;34,07;6,69;11,94;1,68;0,78;88,59;118,03;91,09;9,22;15,07;5,85;1,07;10,88;;-0,78;;14,08;6,57;8,80;0,47;0,53;0,07;-5,26;2,83;;20,26;2,85;;1.410.368.534,00
MAA;153,92;3,54;27,25;2,90;1,58;82,57;39,96;31,79;21,68;26,80;5,12;0,69;8,66;;-1,58;;10,66;5,80;7,79;0,54;0,45;0,18;5,73;14,19;;53,00;5,65;;17.956.261.024,00
MAC;11,84;5,57;-29,07;0,92;0,32;58,36;15,87;-10,21;18,70;48,59;29,89;1,47;2,97;;-0,32;;-3,16;-1,11;1,89;0,35;0,65;0,11;-2,87;;;12,91;-0,41;;2.546.727.168,00
MDRR;5,94;0,51;-2,64;0,83;0,15;65,77;-13,23;-46,97;-9,36;-49,16;-39,80;3,54;1,24;;-0,15;;-31,55;-5,78;-1,83;0,18;0,82;0,12;45,09;;;7,14;-2,25;;13.185.612,00
MDRRP;15,14;9,91;-6,72;2,12;0,39;65,77;-13,23;-46,97;-23,85;-49,16;-39,80;3,54;3,16;;-0,39;;-31,55;-5,78;-1,83;0,18;0,82;0,12;45,09;;;7,14;-2,25;;13.185.612,00
MFA;11,32;13,16;-13,72;0,57;0,12;0,00;54,52;-19,72;4,96;1,23;-3,73;-0,43;2,71;;-0,12;;-4,17;-0,90;11,52;0,22;0,78;0,05;-18,11;;;19,81;-0,83;;1.153.648.368,00
MGP;41,64;;30,31;2,06;0,63;96,71;79,83;27,27;10,35;16,96;6,60;1,31;8,27;;-0,63;;6,80;2,08;8,47;0,31;0,69;0,08;10,84;47,00;;20,20;1,37;;6.527.207.412,00
MNR;20,98;;53,18;1,90;0,93;88,04;56,30;20,70;19,56;29,89;10,33;1,00;11,01;;-0,93;;3,57;1,74;4,81;0,49;0,51;0,08;13,38;30,66;;11,06;0,39;;2.066.244.672,00
MPW;9,81;11,82;18,88;0,70;0,30;97,02;23,80;20,96;16,63;45,34;28,72;1,20;3,96;;-0,30;;3,68;1,58;1,61;0,43;0,57;0,08;16,97;28,43;;14,11;0,52;;5.869.323.000,00
NHI;53,75;6,70;25,22;1,84;0,92;96,48;52,61;34,78;16,67;24,97;8,31;0,92;8,77;;-0,92;;7,30;3,65;5,73;0,50;0,50;0,10;-0,90;-16,06;;29,21;2,13;;2.332.142.625,00
NLY;20,11;15,22;5,79;0,84;0,11;0,00;96,11;50,35;3,03;0,19;-2,84;-0,79;2,91;;-0,11;;14,55;1,98;4,38;0,14;0,86;0,04;2,80;1,91;;23,88;3,47;;9.931.944.899,00
NNN;43,13;5,10;22,87;1,90;0,95;96,70;62,74;43,64;15,91;23,92;8,01;0,96;9,98;;-0,95;;8,31;4,17;6,10;0,50;0,50;0,10;5,74;4,78;;22,71;1,89;;7.853.420.936,00
NREF;15,82;9,83;-199,45;0,72;0,03;;;;5,60;138,33;132,73;17,07;;;-0,03;;-0,36;-0,02;0,70;0,05;0,94;0,00;;;;21,95;-0,08;;271.854.044,00
NSA;36,38;6,07;34,41;1,96;0,52;73,47;37,73;11,35;10,35;21,95;11,60;2,20;3,91;;-0,52;;5,71;1,51;5,77;0,26;0,74;0,13;24,49;103,66;;18,52;1,06;;3.212.481.330,00
NTST;17,59;4,55;140,00;0,99;0,66;87,84;19,10;7,32;53,70;77,30;23,61;0,43;10,25;;-0,66;;0,70;0,47;1,26;0,67;0,33;0,06;;;;17,85;0,13;;1.070.571.375,00
NXRT;47,88;3,43;-144,70;2,52;0,56;61,65;23,07;-3,12;19,55;45,37;25,83;3,33;4,51;;-0,56;;-1,74;-0,39;2,91;0,22;0,77;0,12;12,85;-47,17;;19,02;-0,33;;1.228.490.676,00
NYC;8,17;;-0,43;0,06;0,02;36,24;-39,66;-69,20;-0,74;-15,64;-14,89;1,29;0,29;;-0,02;;-15,06;-5,62;-3,68;0,37;0,63;0,08;1,86;;;127,46;-19,20;;18.815.510,00
NYMT;10,21;8,81;-4,35;0,54;0,15;0,00;-41,02;-90,55;-9,59;-11,31;-1,71;0,10;3,93;;-0,15;;-12,33;-3,47;-3,87;0,28;0,71;0,04;-22,50;;;19,06;-2,35;;930.948.821,00
NYMTM;21,21;9,28;-9,03;1,11;0,31;0,00;-41,02;-90,55;-19,93;-11,31;-1,71;0,10;8,17;;-0,31;;-12,33;-3,47;-3,87;0,28;0,71;0,04;-22,50;;;19,06;-2,35;;930.948.821,00
NYMTN;20,63;9,69;-8,78;1,08;0,30;0,00;-41,02;-90,55;-19,38;-11,31;-1,71;0,10;7,95;;-0,30;;-12,33;-3,47;-3,87;0,28;0,71;0,04;-22,50;;;19,06;-2,35;;930.948.821,00
NYMTO;25,06;;-10,67;1,32;0,37;0,00;-41,02;-90,55;-23,54;-11,31;-1,71;0,10;9,66;;-0,37;;-12,33;-3,47;-3,87;0,28;0,71;0,04;-22,50;;;19,06;-2,35;;930.948.821,00
NYMTP;25,32;;-10,78;1,33;0,37;0,00;-41,02;-90,55;-23,79;-11,31;-1,71;0,10;9,76;;-0,37;;-12,33;-3,47;-3,87;0,28;0,71;0,04;-22,50;;;19,06;-2,35;;930.948.821,00
O;61,28;4,91;46,09;1,41;0,81;93,01;53,20;25,71;22,28;32,39;10,11;0,64;11,85;;-0,81;;3,06;1,75;3,75;0,57;0,43;0,07;22,43;22,04;;43,46;1,33;;41.255.074.800,00
OFC;25,15;4,45;14,70;1,64;0,68;31,49;36,74;27,07;10,83;19,03;8,20;1,24;3,98;;-0,68;;11,15;4,61;6,71;0,41;0,58;0,17;3,82;21,07;;15,34;1,71;;2.829.724.585,00
OHI;32,12;8,34;27,55;2,15;0,81;98,12;60,17;32,26;14,77;24,65;9,89;1,44;8,89;;-0,81;;7,81;2,94;5,78;0,38;0,62;0,09;-0,67;53,76;;14,92;1,17;;7.527.431.208,00
OLP;20,85;8,63;11,63;1,42;0,58;82,97;75,39;40,85;6,30;11,86;5,56;1,25;4,75;;-0,58;;12,19;4,96;9,65;0,41;0,59;0,12;3,97;11,80;;14,71;1,79;;444.653.355,00
ONL;6,61;6,05;-3,86;0,39;0,24;69,99;-32,08;-47,33;-5,69;-13,33;-7,64;0,52;1,83;;-0,24;;-10,13;-6,28;-4,44;0,62;0,38;0,13;;;;16,92;-1,71;;374.548.379,00
OPI;8,10;23,46;57,44;0,29;0,10;84,44;20,65;1,27;3,53;25,63;22,10;1,81;0,73;;-0,10;;0,50;0,17;2,89;0,34;0,66;0,13;11,86;;;27,98;0,14;;393.560.370,00
OPINI;25,04;;177,56;0,89;0,30;84,44;20,65;1,27;10,92;25,63;22,10;1,81;2,26;;-0,30;;0,50;0,17;2,89;0,34;0,66;0,13;11,86;;;27,98;0,14;;393.560.370,00
OPINL;13,02;12,24;92,33;0,47;0,16;84,44;20,65;1,27;5,68;25,63;22,10;1,81;1,17;;-0,16;;0,50;0,17;2,89;0,34;0,66;0,13;11,86;;;27,98;0,14;;393.560.370,00
ORC;10,31;17,51;-3,80;0,89;0,09;;;;-81,91;763,87;845,77;-9,23;;;-0,09;;-23,53;-2,49;-1,05;0,11;0,89;0,00;;;;11,53;-2,71;;403.480.819,00
OUT;15,99;7,50;22,15;2,31;0,44;47,94;14,96;6,64;9,83;19,88;10,05;2,37;1,47;-10,37;-0,46;0,57;10,44;1,97;6,61;0,19;0,79;0,30;3,11;3,29;;6,91;0,72;;2.638.140.531,00
PCH;53,71;5,10;23,04;1,93;1,23;27,69;20,45;15,82;17,82;20,76;2,94;0,32;3,65;12,52;-1,41;3,78;8,36;5,32;6,47;0,64;0,36;0,34;14,42;31,03;;27,88;2,33;;4.292.282.989,00
PEAK;21,19;5,66;21,23;1,75;0,74;100,00;36,31;26,44;15,46;23,91;8,45;0,96;5,61;;-0,74;;8,26;3,50;5,70;0,42;0,57;0,13;2,60;3,86;;12,08;1,00;;11.590.838.883,00
PEB;13,91;0,29;-51,49;0,59;0,28;35,85;6,83;-2,31;17,42;40,22;22,80;0,77;1,19;-0,63;-0,30;0,12;-1,14;-0,55;1,85;0,48;0,52;0,24;12,59;;;23,68;-0,27;;1.712.515.740,00
PEI;2,45;;-0,09;-0,17;0,01;56,71;-5,82;-47,01;-0,75;-100,37;-99,61;;0,04;;-0,01;;-178,73;-7,49;-1,03;-0,04;1,04;0,16;-5,81;;;-14,72;-26,31;;13.155.275,00
PGRE;4,90;5,46;-42,75;0,30;0,13;100,00;16,52;-3,34;8,65;35,71;27,06;0,93;1,43;;-0,13;;-0,70;-0,29;1,62;0,42;0,58;0,09;0,59;;;16,40;-0,11;;1.064.337.330,00
PINE;16,38;6,72;7,15;0,85;0,41;100,00;103,68;70,78;4,88;8,83;3,96;0,69;5,06;;-0,41;;11,91;5,70;9,06;0,48;0,52;0,08;;;;19,25;2,29;;230.448.582,00
PK;13,13;4,27;11,24;0,67;0,30;65,58;19,06;9,44;5,56;12,81;7,25;0,87;1,06;4,05;-0,33;2,94;5,95;2,64;5,76;0,44;0,56;0,28;-2,17;-42,71;;19,65;1,17;;2.831.220.587,00
PLD;128,04;2,59;44,24;2,24;1,34;79,42;51,41;40,97;35,26;42,60;7,34;0,47;18,13;;-1,34;;5,06;3,02;4,12;0,60;0,40;0,07;17,94;15,43;;57,21;2,89;;118.240.586.640,00
PLYM;23,24;3,83;-63,40;2,22;0,66;69,24;10,20;-8,30;51,56;97,28;45,72;1,97;5,26;;-0,66;;-3,50;-1,05;1,41;0,30;0,67;0,13;49,21;;;10,47;-0,37;;1.000.038.116,00
PMT;13,65;12,23;-48,14;0,61;0,08;78,06;158,71;-7,70;2,33;-0,72;-3,05;-0,79;3,70;;-0,08;;-1,26;-0,16;7,98;0,13;0,87;0,02;;;;22,51;-0,28;;1.195.144.860,00
PSA;300,70;7,70;12,75;5,26;3,02;74,90;53,71;96,35;22,87;25,56;2,68;0,62;12,29;;-3,02;;41,27;23,68;13,64;0,57;0,43;0,25;9,40;29,99;;57,14;23,58;;52.866.698.470,00
PSB;187,44;2,92;11,84;2,91;2,39;70,28;137,87;98,58;8,47;8,33;-0,14;-0,05;11,68;;-2,39;;24,56;20,18;33,97;0,82;0,18;0,20;2,55;48,15;;64,43;15,82;;5.178.479.856,00
PSTL;15,00;6,28;82,80;1,34;0,58;76,52;19,82;6,38;26,64;45,45;18,81;0,95;5,28;;-0,58;;1,62;0,71;2,57;0,44;0,56;0,11;;;;11,17;0,18;;298.656.000,00
PW;1,64;;-0,35;0,16;0,06;86,18;-180,33;-211,14;-0,41;-2,90;-2,49;0,96;0,74;;-0,06;;-45,06;-18,56;-18,25;0,41;0,49;0,09;33,86;;;10,42;-4,70;;5.559.108,00
QTS;77,95;;1.850,29;2,85;1,39;66,15;7,08;0,55;144,95;183,57;38,62;0,76;10,27;;-1,39;;0,15;0,07;1,09;0,49;0,51;0,14;11,64;-4,79;;27,33;0,04;;6.009.726.740,00
RC;11,58;13,99;8,12;0,72;0,11;;;;1,86;7,25;5,39;2,08;;;-0,11;;8,87;1,37;11,89;0,15;0,84;0,00;;36,60;;16,07;1,43;;1.282.435.206,00
RCA;25,29;6,92;17,74;1,57;0,24;;;;4,07;7,25;5,39;2,08;;;-0,24;;8,87;1,37;11,89;0,15;0,84;0,00;;36,60;;16,07;1,43;;1.282.435.206,00
RCB;23,47;6,60;16,46;1,46;0,23;;;;3,78;7,25;5,39;2,08;;;-0,23;;8,87;1,37;11,89;0,15;0,84;0,00;;36,60;;16,07;1,43;;1.282.435.206,00
RCP;25,23;;17,69;1,57;0,24;;;;4,06;7,25;5,39;2,08;;;-0,24;;8,87;1,37;11,89;0,15;0,84;0,00;;36,60;;16,07;1,43;;1.282.435.206,00
REG;63,89;4,03;28,38;1,80;1,01;71,57;38,48;31,08;22,92;30,79;7,87;0,62;8,82;;-1,01;;6,35;3,56;4,83;0,56;0,44;0,11;4,46;38,92;;35,42;2,25;;10.925.062.220,00
REXR;54,32;2,56;63,67;1,52;1,07;76,34;34,50;25,37;46,82;55,76;8,94;0,29;16,15;;-1,07;;2,39;1,67;2,44;0,70;0,30;0,07;31,44;32,71;;35,76;0,85;;10.915.690.912,00
RHP;93,55;2,24;25,98;56,12;1,38;46,64;21,03;10,75;13,29;19,13;5,84;24,65;2,79;-2,11;-1,71;0,22;215,99;5,33;12,80;0,02;0,90;0,50;8,80;-7,69;;1,67;3,60;;5.584.130.470,00
RITM;9,52;10,50;15,63;0,67;0,14;100,00;75,49;15,81;3,27;12,20;8,93;1,82;2,47;;-0,14;;4,27;0,92;4,46;0,22;0,78;0,06;43,31;-0,59;;14,27;0,61;;4.598.328.504,00
RLJ;10,01;2,60;37,31;0,67;0,32;63,30;12,85;3,37;9,80;20,34;10,54;0,72;1,26;;-0,32;;1,79;0,87;3,50;0,48;0,52;0,26;-2,52;-10,94;;14,95;0,27;;1.593.094.503,00
ROIC;14,02;4,28;36,53;1,37;0,59;100,00;36,00;15,32;15,55;27,52;11,97;1,06;5,60;-1,19;-0,62;0,09;3,76;1,61;4,27;0,43;0,57;0,11;2,75;6,16;;10,20;0,38;;1.766.869.098,00
RPAI;13,15;;143,60;1,79;0,78;83,92;21,52;4,32;28,84;45,98;17,14;1,06;6,21;;-0,78;;1,25;0,54;2,95;0,44;0,56;0,13;-6,57;-33,92;;7,35;0,09;;2.824.592.385,00
RPT;10,96;4,93;12,75;1,01;0,49;74,05;54,86;34,85;8,10;11,75;3,65;0,45;4,44;;-0,49;;7,90;3,86;6,50;0,49;0,51;0,11;-3,87;4,01;;10,88;0,86;;950.076.368,00
RWT;6,62;12,84;-3,95;0,66;0,06;;;;2,10;8,92;6,82;2,16;;;-0,06;;-16,81;-1,46;7,59;0,09;0,91;0,00;;;;9,98;-1,68;;754.869.994,00
RYN;31,59;3,61;54,41;2,54;1,25;21,90;16,59;9,94;32,58;42,43;9,85;0,77;5,41;51,69;-1,32;1,94;4,68;2,30;4,14;0,49;0,51;0,23;2,09;-6,37;;12,42;0,58;;4.682.307.708,00
SAFE;23,93;2,96;11,30;0,71;0,26;98,85;97,89;50,10;5,78;18,23;12,44;1,54;5,66;;-0,26;;6,32;2,31;4,67;0,37;0,63;0,05;63,36;;;33,49;2,12;;1.530.115.309,00
SBAC;226,49;1,38;65,61;-4,66;2,33;74,71;32,08;13,91;28,44;43,09;14,64;;9,12;-146,73;-2,44;0,74;-7,10;3,55;10,51;-0,50;1,50;0,26;8,80;34,80;;-48,64;3,45;;24.537.790.706,00
SBRA;12,60;9,52;-22,81;0,98;0,52;100,00;13,74;-21,73;36,06;65,25;29,19;0,79;4,96;;-0,52;;-4,29;-2,30;1,47;0,54;0,46;0,11;8,50;;;12,87;-0,55;;2.913.058.260,00
SELF;4,99;5,81;20,10;1,15;0,83;65,17;29,55;22,75;15,47;18,48;3,01;0,22;4,57;;-0,83;;5,70;4,11;5,46;0,72;0,28;0,18;9,83;;;4,36;0,25;;55.608.061,00
SITC;14,13;3,68;18,61;1,45;0,73;69,27;44,95;28,54;11,81;18,83;7,02;0,86;5,31;;-0,73;;7,79;3,92;6,53;0,50;0,50;0,14;-9,73;;;9,74;0,76;;2.956.816.953,00
SKT;23,17;3,82;28,64;5,03;1,12;68,30;29,12;19,22;18,91;28,16;9,25;2,46;5,51;;-1,12;;17,56;3,89;6,74;0,22;0,78;0,20;-1,94;3,83;;4,61;0,81;;2.437.048.404,00
SLG;31,59;10,92;-15,73;0,46;0,16;61,45;-7,80;-14,99;-30,23;-100,80;-70,57;1,06;2,36;;-0,16;;-2,90;-1,05;-0,66;0,36;0,60;0,07;-11,37;;;69,29;-2,01;;2.033.622.045,00
SNR;8,82;;-27,24;4,07;0,43;39,07;9,48;-8,40;24,14;71,62;47,47;7,99;2,29;;-0,43;;-14,93;-1,56;1,84;0,10;0,88;0,19;-2,84;;;2,17;-0,32;;741.437.424,00
SOHO;2,42;;1,62;0,87;0,11;28,37;32,04;16,87;0,85;6,11;5,26;5,35;0,27;;-0,11;;53,57;7,09;14,50;0,13;0,87;0,42;1,49;136,15;;2,79;1,50;;46.732.136,00
SOHOB;23,91;6,27;15,98;8,56;1,13;28,37;32,04;16,87;8,42;6,11;5,26;5,35;2,70;;-1,13;;53,57;7,09;14,50;0,13;0,87;0,42;1,49;136,15;;2,79;1,50;;46.732.136,00
SOHON;24,96;6,20;16,69;8,94;1,18;28,37;32,04;16,87;8,79;6,11;5,26;5,35;2,82;;-1,18;;53,57;7,09;14,50;0,13;0,87;0,42;1,49;136,15;;2,79;1,50;;46.732.136,00
SOHOO;24,13;6,12;16,13;8,64;1,14;28,37;32,04;16,87;8,49;6,11;5,26;5,35;2,72;;-1,14;;53,57;7,09;14,50;0,13;0,87;0,42;1,49;136,15;;2,79;1,50;;46.732.136,00
SPG;121,70;5,92;18,41;13,25;1,20;81,14;47,86;40,43;15,55;25,10;9,54;8,13;7,44;;-1,20;;71,96;6,49;8,95;0,09;0,90;0,16;-0,87;1,89;;9,19;6,61;;39.795.474.050,00
SQFT;0,96;8,96;-4,95;0,28;0,06;66,32;35,57;-13,26;1,85;16,08;14,23;2,15;0,66;;-0,06;;-5,63;-1,30;3,61;0,23;0,68;0,10;-11,85;;;3,44;-0,19;;11.361.888,00
SRC;40,93;6,48;18,34;1,27;0,68;100,00;62,12;43,36;12,80;20,80;8,00;0,79;7,95;;-0,68;;6,92;3,72;5,52;0,54;0,46;0,09;10,59;29,92;;32,23;2,23;;5.783.269.838,00
STAG;37,95;3,86;38,96;2,03;1,11;80,67;39,04;26,01;25,96;35,44;9,48;0,74;10,13;;-1,11;;5,21;2,86;4,48;0,55;0,45;0,11;16,90;41,66;;18,69;0,97;;6.807.349.560,00
STAR;7,63;30,38;1,62;0,47;0,20;56,18;-68,15;282,90;-6,72;-9,15;-2,44;0,17;4,58;;-0,20;;29,08;12,59;-3,21;0,43;0,57;0,04;-24,05;19,12;;16,22;4,72;;662.558.680,00
STOR;32,22;1,27;28,36;1,70;0,87;100,00;61,20;38,95;18,05;27,57;9,52;0,90;11,05;;-0,87;;6,01;3,06;4,94;0,51;0,49;0,08;15,41;16,82;;18,91;1,14;;9.108.136.476,00
STWD;20,75;9,25;10,81;1,01;0,08;-6,08;952,43;341,00;3,87;5,02;1,15;0,30;36,88;;-0,08;;9,38;0,77;18,17;0,08;0,91;0,00;-10,38;16,81;;20,45;1,92;;6.475.873.725,00
SUI;133,41;2,71;78,59;2,16;0,96;47,33;16,77;6,96;32,64;48,02;15,38;1,02;5,47;;-0,96;;2,75;1,22;3,24;0,44;0,54;0,17;24,46;30,06;;61,82;1,70;;16.597.284.621,00
SVC;8,88;6,87;109,71;1,06;0,20;34,86;17,97;0,71;4,31;19,85;15,54;3,84;0,77;;-0,20;;0,97;0,18;4,75;0,18;0,82;0,25;-3,02;;;8,35;0,08;;1.469.160.480,00
TCI;34,94;;0,66;0,37;0,27;49,66;288,76;1.127,38;2,58;1,85;-0,73;-0,10;7,44;;-0,27;;55,56;40,51;1,28;0,73;0,27;0,04;-21,78;;;95,26;52,93;;301.857.142,00
TRMT;5,22;;6,68;0,48;0,18;;;;3,88;3,13;-0,75;-0,09;;;-0,18;;7,23;2,63;12,33;0,36;0,64;0,00;;;;10,81;0,78;;43.390.206,00
TRNO;59,58;2,69;24,70;1,91;1,39;75,45;79,43;70,01;21,77;25,23;3,45;0,30;17,29;;-1,39;;7,72;5,61;6,70;0,73;0,27;0,08;15,83;30,12;;31,23;2,41;;4.960.517.598,00
TRTX;7,36;13,04;-6,82;0,44;0,11;100,00;2.085,06;-1.316,16;4,30;3,08;-1,22;-0,12;89,73;;-0,11;;-6,38;-1,55;10,07;0,24;0,76;0,00;10,92;;;16,91;-1,08;;569.767.040,00
TWO;13,21;13,78;-4,46;0,51;0,08;;;;6,06;12,17;6,11;0,51;;;-0,08;;-11,38;-1,83;3,24;0,16;0,84;0,00;;-8,77;;26,00;-2,96;;1.141.008.466,00
UBA;22,10;4,28;34,02;1,55;0,88;66,54;37,89;17,63;15,83;21,74;5,90;0,58;6,00;;-0,88;;4,55;2,59;6,11;0,57;0,37;0,15;2,98;-5,59;;14,27;0,65;;869.206.260,00
UBP;21,99;3,87;33,85;1,54;0,88;66,54;37,89;17,63;15,75;21,74;5,90;0,58;5,97;;-0,88;;4,55;2,59;6,11;0,57;0,37;0,15;2,98;-5,59;;14,27;0,65;;869.206.260,00
UDR;42,83;3,74;141,44;3,60;1,29;65,82;17,62;6,39;51,29;71,69;20,39;1,43;9,04;;-1,29;;2,54;0,91;2,87;0,36;0,56;0,14;8,79;-6,49;;11,91;0,30;;14.098.471.024,00
UHT;48,16;5,94;32,98;2,99;1,10;94,36;33,90;21,99;21,39;32,35;10,95;1,53;7,25;;-1,10;;9,07;3,34;5,45;0,37;0,63;0,15;4,61;-14,29;;16,09;1,46;;664.805.456,00
UMH;16,27;4,98;-75,35;1,68;0,72;51,98;9,65;-6,48;50,62;87,86;37,23;1,23;4,88;;-0,72;;-2,23;-0,96;1,45;0,43;0,57;0,15;11,69;;;9,69;-0,22;;988.892.227,00
UNIT;4,41;13,61;-13,02;-0,45;0,21;100,00;28,86;-7,08;3,20;19,37;16,17;;0,92;;-0,21;;-3,47;-1,62;10,15;-0,47;1,47;0,23;4,27;;;-9,75;-0,34;;1.052.107.812,00
VER;50,30;;51,85;1,83;0,92;89,60;40,92;19,16;24,28;26,51;2,23;0,17;9,93;;-0,92;;3,53;1,77;6,38;0,50;0,50;0,09;-4,22;;;27,47;0,97;;11.526.224.880,00
VICI;31,57;4,94;22,71;1,36;0,76;100,00;68,63;45,60;15,09;22,87;7,79;0,70;10,35;;-0,76;;5,99;3,34;5,25;0,56;0,44;0,07;69,19;92,16;;23,21;1,39;;31.703.809.445,00
VNO;18,62;7,71;-8,62;0,63;0,22;50,87;-5,10;-22,97;-38,84;-114,60;-75,75;1,22;1,98;;-0,22;;-7,28;-2,55;-0,79;0,35;0,62;0,11;-2,89;;;29,66;-2,16;;3.572.816.772,00
VTR;47,96;3,75;-291,53;1,92;0,80;44,06;9,09;-1,57;50,43;82,37;31,93;1,22;4,59;;-0,80;;-0,66;-0,27;1,63;0,42;0,57;0,17;2,91;;;24,99;-0,16;;19.186.484.328,00
WELL;79,32;3,08;375,93;1,93;1,02;37,68;12,12;1,78;55,33;75,43;20,10;0,70;6,71;;-1,02;;0,51;0,27;2,00;0,53;0,46;0,15;6,12;-21,96;;41,14;0,21;;39.424.514.784,00
WHLR;0,65;;-0,58;-0,31;0,01;66,25;31,72;-12,58;0,23;15,42;15,19;;0,07;;-0,01;;-53,86;-1,61;6,12;-0,03;0,88;0,13;5,54;;;-2,08;-1,12;;6.370.130,00
WHLRD;11,94;;-10,66;-5,74;0,17;66,25;31,72;-12,58;4,23;15,42;15,19;;1,34;;-0,17;;-53,86;-1,61;6,12;-0,03;0,88;0,13;5,54;;;-2,08;-1,12;;6.370.130,00
WHLRP;1,65;;-1,47;-0,79;0,02;66,25;31,72;-12,58;0,58;15,42;15,19;;0,19;;-0,02;;-53,86;-1,61;6,12;-0,03;0,88;0,13;5,54;;;-2,08;-1,12;;6.370.130,00
WMC;9,29;16,15;-0,99;0,56;0,02;;;;0,65;23,75;23,10;20,07;;;-0,02;;-57,03;-2,35;3,88;0,04;0,96;0,00;;;;16,46;-9,38;;56.093.020,00
WPC;69,65;6,12;20,23;1,60;0,79;88,73;64,94;47,26;14,72;22,40;7,68;0,84;9,56;;-0,79;;7,92;3,91;5,56;0,49;0,51;0,08;11,76;16,66;;43,49;3,44;;14.897.884.260,00
WPG;0,83;;-0,07;0,05;0,01;58,45;-26,37;-55,13;-0,14;-7,32;-7,18;2,30;0,04;;-0,01;;-66,82;-7,43;-9,19;0,11;0,89;0,13;-10,66;;;18,33;-12,25;;20.301.468,00
WRI;31,44;;45,88;2,49;1,03;64,97;32,00;19,72;28,28;40,47;12,20;1,07;9,05;;-1,03;;5,42;2,25;4,15;0,41;0,59;0,11;-3,29;3,64;;12,64;0,69;;4.017.554.112,00
WSR;9,92;4,84;15,30;1,19;0,45;68,83;44,10;22,70;7,88;17,93;10,05;1,52;3,47;;-0,45;;7,76;2,93;5,87;0,38;0,62;0,13;2,05;33,45;;8,35;0,65;;490.299.968,00
WY;34,30;4,78;19,93;2,49;1,51;28,19;19,68;14,07;14,26;16,67;2,42;0,42;2,81;62,33;-1,73;1,24;12,50;7,60;10,07;0,61;0,39;0,54;7,19;26,43;;13,76;1,72;;25.117.752.800,00
XAN;4,34;;-0,17;0,12;0,02;94,60;13,85;-353,64;4,30;153,69;149,39;4,16;0,60;;-0,02;;-71,03;-12,47;0,49;0,18;0,82;0,04;-6,24;-3,96;;36,28;-25,77;;38.012.324,00
XHR;12,42;3,22;20,14;0,96;0,45;61,34;15,13;6,39;8,51;15,39;6,88;0,78;1,29;-1,18;-0,53;0,29;4,79;2,21;5,40;0,46;0,54;0,35;1,08;-10,77;;12,88;0,62;;1.359.818.604,00
