companyId;companyName;ticker;price;gestao;dy;p_vp;valorpatrimonialcota;liquidezmediadiaria;percentualcaixa;dividend_cagr;cota_cagr;numerocotistas;numerocotas;patrimonio;lastdividend
59;Vila Olímpia Corporate;VLOL11;98,99;Passiva;7,0209;0,9551;103,64;180383,97;1,4891;8,8303;-6,589;3354,0;1784828,0;184983344,36;0,61
583;INTER TÍTULOS IMOB. FDO INV. IMOB.;BICR11;92,35;Ativa;10,2328;0,9297;99,33;1207,95;34,3462;35,0299;-6,8205;533,0;500000,0;49664583,41;0,82
926;BRIX FUNDO DE INVESTIMENTO IMOBILIÁRIO;BRIX11;0,0;Ativa;0,0;;896,4;;0,6568;;;82,0;63741,0;57138202,14;
843;HEDGE SEED FUNDO DE INVESTIMENTO IMOBILIÁRIO;SEED11;100,0;Ativa;12,56;1,1583;86,33;750000,0;1,4795;;;112,0;1640000,0;141588553,37;1,0
932;JACARANDÁ 02 FUNDO DE INVESTIMENTO IMOBILIÁRIO FII;JCDB11;0,0;Ativa;0,0;;139,04;;0,4984;;;57,0;769499,0;106990753,66;
901;BRIO REAL ESTATE IV;BIPD11;0,0;Ativa;0,0;;984,53;;36,0493;;;108,0;18550,0;18263117,59;
592;BLUEMACAW OFFICE FUND II - FDO. INVEST. IMOB.;BLMO11;20000,0;Ativa;1,3897;0,6756;29604,71;800000,0;2,1549;;;93,0;3797,0;112409084,07;36,21
904;DEVANT PROPERTIES FUNDO DE INVESTIMENTO IMOB;DPRO11;96,39;Ativa;6,2247;0,9926;97,11;215112,54;6,2814;;;137,0;371500,0;36078026,15;1,05
825;CSHG RESIDENCIAL FDO DE INV IMOB;HGRS11;0,0;Ativa;0,0;;101,61;;12,9681;;;6,0;1492940,0;151704854,23;
28;CIDADE JARDIM CONTINENAL TOWER;CJCT11;68,99;Passiva;0,0;1,0425;66,18;58729,21;5,5688;;1,2633;1204,0;3140000,0;207812137,01;0,33
130;Banestes Recebíveis Imobiliários;BCRI11;98,44;Ativa;15,0345;0,9755;100,91;631412,13;4,1106;11,2805;-7,08;47353,0;6257873,0;631486419,13;1,04
55;Cyrela Thera Corporate;THRA11;138,5;Passiva;0,0;14,5178;9,54;;140,4662;90,7344;-4,2938;2084,0;1472728,0;14050683,35;0,13
691;BTOWERS FII;BTWR11;105,49;Passiva;5,218;0,9418;112,01;91670,5;2,6633;;;64,0;809269,0;90648357,39;0,73
517;VINCI LOGÍSTICA FDO INV IMOB;VILG11;96,4;Ativa;8,8278;0,8586;112,27;2265610,23;0,6326;7,3446;-11,8422;156920,0;14997396,0;1683731866,6;0,7
546;SANTANDER PAPEIS IMOB CDI FDO INV IMOB;SADI11;91,7;Ativa;12,9989;0,9259;99,04;662569,45;1,9856;60,2787;-1,8724;8103,0;3180207,0;314970824,76;1,05
663;GUARDIAN LOGISTICA;GALG11;9,05;Ativa;10,8397;0,9721;9,31;482199,13;1,7192;;;21737,0;57485300,0;535338307,95;0,082
754;FUNDO DE INVESTIMENTO IMOBILIÁRIO ROOFTOP I;ROOF11;774,0;Ativa;5,1065;1,1176;692,54;1948,0;12,0927;;;73,0;77495,0;53668144,93;7,91991313
944;FII CENTRAL LEBLON;CCLB11;0,0;Ativa;0,0;;99,12;;12,7311;;;21,0;630000,0;62443634,32;
35;Reag Renda Imobiliária;DOMC11;439,0;Ativa;0,0;4,0633;108,04;;0,4826;;-10,2888;1185,0;2443800,0;264027689,75;
599;FDO.INVEST. IMOB. MULTI RENDA URBANA;HBRH11;86,03;Ativa;9,4997;0,76;113,2;47159,19;0,8897;;;1342,0;2772204,0;313800866,55;0,6889
688;BLUEMACAW RENDA + FOF;BLMR11;6,79;Ativa;13,1491;0,8773;7,74;356151,26;2,6342;;;16954,0;25541630,0;197728483,87;0,065
831;NAVI RESIDENCIAL;APTO11;8,8;Ativa;14,6591;0,8835;9,96;37866,9;13,1262;;;4993,0;4012857,0;39948229,28;0,1
849;RBR PREMIUM RECEBÍVEIS IMOBILIÁRIOS FDO INV IMO;RPRI11;93,62;Ativa;12,0359;0,9308;100,58;155649,52;12,0809;;;2746,0;2241755,0;225470219,85;1,35
943;FUNDO DE INVEST IMOBILIARIO SUNO ENERGIAS LIMPAS;SNEL11;100,0;Ativa;0,0;1,0456;95,64;;26,878;;;3363,0;500026,0;47820574,86;
735;VENUS - FUNDO DE INVESTIMENTO IMOBILIÁRIO;SALI11;0,0;Passiva;0,0;;101,3;;4,2518;;;1,0;79565,0;8059821,59;
815;LAGO DA PEDRA;LPLP11;0,0;Ativa;0,0;;569,17;;0,2568;;;4,0;223330,0;127111676,67;9,76439045
839;KILIMA VOLKANO RECEBÍVEIS IMOB FDO DE INV IMOB;KIVO11;86,3;Ativa;15,4693;0,8939;96,54;152067,03;27,736;;;1355,0;1215124,0;117309169,67;1,4
92;Rio Bravo Crédito Imobiliário I;RBCB11;19,0;Ativa;0,0;;0,0;;;-15,0371;-7,0376;462,0;53100,0;0,0;0,3
543;RB CAPITAL DESENV RESID III FDO INV IMOB - FII;RSPD11;1125,0;Ativa;3,1139;1,0471;1074,41;3375,0;4,4854;;;105,0;149011,0;160099282,29;35,03097087
518;FDO INV IMOB VOTORANTIM SHOPPING;VSHO11;64,53;Ativa;11,0491;0,6494;99,37;56502,39;1,2466;4,4721;-18,6672;2645,0;2098800,0;208565963,01;0,55
809;EQI RECEBÍVEIS IMOBILIÁRIOS;EQIR11;9,7;Ativa;105,1987;0,9939;9,76;106449,23;3,9037;;;2046,0;5025000,0;49065462,53;0,11
652;RB Capital Recebíveis Imobiliários;RRCI11;86,01;Ativa;16,126;0,9142;94,08;264719,1;4,8103;;;2494,0;481757,0;45321962,26;0,9
6;Oportunity;FTCE11B;2870,0;Ativa;7,1855;1,0038;2859,17;2584367,0;1,7763;;;57,0;935878,0;2675838199,25;37,628886233
826;CSÃO FRANCISCO 34;SFRO11;0,0;Passiva;0,0;;5,93;;102,5296;;;20,0;875758,0;5191438,53;
640;BRIO REAL ESTATE II - FDO INV IMOB;BRIM11;1030,22;Ativa;16,4489;0,9261;1112,38;1020,4;2,3312;;;209,0;124137,0;138087410,76;8,86
694;ENERGY RESORT FDO. INVEST. IMOB;EGYR11;1,22;Passiva;0,0;0,0984;12,4;17486,84;0,0019;;;63,0;7520108,0;93284002,24;
508;PÁTRIA EDIFÍCIOS CORPORATIVOS FDO INV IMOB;PATC11;68,5;Ativa;6,6569;0,8967;76,39;245109,74;4,8925;8,7551;-19,6402;8405,0;3477434,0;265626561,47;0,34
19;Vereda;VERE11;233,49;Ativa;14,4821;0,7045;331,41;;0,5701;19,3904;;54,0;569529,0;188746826,52;2,11
96;XP Industrial;XPIN11;73,25;Ativa;10,198;0,7051;103,89;393121,74;4,1073;-0,3984;-26,1516;46626,0;7150422,0;742845477,53;0,65
113;Malls Brasil Plural;MALL11;102,81;Ativa;8,7346;0,8574;119,91;1522252,94;2,7311;25,3441;-6,4661;110158,0;9124659,0;1094178737,27;0,78
148;Polo Recebíveis Imobiliários I;PLRI11;24,85;Ativa;16,7112;0,7727;32,16;6026,29;2,5693;16,4524;-23,3124;798,0;954304,0;30687942,15;0,1870474
606;RIO BRAVO CREDITO IMOB HIGH GRADE;RBHG11;84,09;Ativa;16,7677;0,9132;92,08;232907,35;3,2055;;-5,4229;7464,0;1727582,0;159082063,5;1,08
15;Multi Properties FII;PRTS11;117,7;Ativa;0,0466;1961,6667;0,06;;103,361;;;11,0;55727500,0;3111607,44;0,054870475
21;Hospital da Criança;HCRI11;227,0;Passiva;8,7919;0,7371;307,96;29114,03;2,2908;3,3806;-21,3661;3066,0;200000,0;61592370,0;3,489881601
817;FDO DE INV IMOB MAUÁ CAPITAL HIGH YIELD - FII;MCHY11;110,7;--;17,9765;1,1031;100,35;25409,32;1,6017;;;401,0;3589771,0;360235419,27;1,4
925;KINEA PREMIUM PROPERTIES FDO INV IMOB;KNPR11;0,0;Ativa;0,0;;90,14;;28,7727;;;594,0;579911,0;52273009,66;2,5
57;Transinc;TSNC11;0,0;Ativa;0,0;;88,14;;5,0968;-18,9745;;66,0;1086780,0;95785831,01;0,625957636
706;TOURMALET V - ED. CIDADE NOVA;TCIN11;129,23;Ativa;0,0;1,1885;108,73;258,0;0,3662;;;129,0;831197,0;90375768,24;
574;LUGGO FDO. INV. IMOB.;LUGG11;77,0;Ativa;8,5455;0,6026;127,78;14592,13;0,6625;7,8477;-10,7199;4058,0;900290,0;115039500,72;0,52
814;JS ATIVOS FINANCEIROS;JSAF11;78,26;Ativa;14,1835;0,8331;93,94;424887,87;3,2321;;;3356,0;1573047,0;147767900,26;0,93
641;FUNDO DE INVESTIMENTO IMOBILIÁRIO ATHENA I;FATN11;94,89;Ativa;10,5385;0,9539;99,48;54885,77;4,6012;;;895,0;1215179,0;120889909,57;0,92
99;Kinea II Real Estate Equity;KNRE11;0,52;Ativa;66,3382;0,6842;0,76;8157,23;30,9036;;-55,6969;5732,0;18547161,0;14139052,97;0,0377416248
69;SDI Logística Rio;SDIL11;91,79;Ativa;10,1318;0,9379;97,87;799692,42;0,9747;14,2874;-12,3363;66604,0;6395050,0;625880844,9;0,82
533;FDO INV IMOB GREEN TOWERS;GTWR11;74,23;Ativa;12,0302;0,7838;94,7;702477,13;0,961;2,6665;-15,3208;26273,0;12000000,0;1136410836,6;0,79
71;Votorantim Logística;VTLT11;93,53;Ativa;10,649;0,9285;100,73;229976,13;2,8202;4,901;-8,849;6336,0;2115000,0;213038186,08;0,83
550;XP CREDITO IMOBILIÁRIO - FDO INV IMOB;XPCI11;82,45;Ativa;14,1055;0,8979;91,83;2552682,87;8,7832;16,847;-8,2554;72056,0;8701551,0;799073870,61;0,72
585;XP SELECTION FDO DE FUNDOS INV IMOB - FII;XPSF11;7,21;Ativa;11,9001;0,8635;8,35;521181,06;1,1123;1,1324;;37882,0;43302140,0;361463953,32;0,077
581;TRX Real Estate;TRXF11;104,65;Ativa;10,0812;0,9924;105,45;2717003,32;9,363;;-3,9231;76381,0;8881638,0;936587821,89;1,2
838;KINEA CREDITAS FDO DE INV IMOBILIÁRIO;KCRE11;88,94;Ativa;6,3751;0,9083;97,92;502184,06;9,8034;;;4174,0;3600000,0;352526511,35;0,61
605;RBR LOG FUNDO DE INVESTIMENTO IMOBILIÁRIO;RBRL11;78,23;Ativa;9,8632;0,7293;107,26;386608,94;1,5019;;;9896,0;6687035,0;717254779,29;0,65
74;OURINVEST JPP;OUJP11;95,3;Ativa;16,0021;0,954;99,89;934824,19;1,8965;24,7344;-6,9477;25611,0;3252384,0;324887065,54;1,25
49;Presidente Vargas;PRSV11;139,89;Passiva;0,0;0,6362;219,88;4866,16;10,8541;28,9223;-32,258;1027,0;195000,0;42875770,41;1,62
575;FDO INV IMOB - V2 PROPERTIES;VVPR11;101,5;Ativa;7,0405;1,0354;98,03;1249061,55;1,2707;;-3,7917;1372,0;2305771,0;226032234,18;0,892339668
919;SH SPECIAL OPPS FUNDO DE INVESTIMENTO IMOBILIÁRIO;SHSO11;0,0;Ativa;0,0;;85,78;;11,9593;;;1,0;100000,0;8578391,32;1,39
845;BASÍLICA PARTNERS LED CORPORATE FDO INV IMOB FII;BPLC11;0,0;Ativa;0,0;;10268,52;;4,0309;;;114,0;32000,0;328592540,71;15,05150847
616;FDO. INV. IMOB. VBI PRIME PROPERTIES;PVBI11;86,96;Ativa;7,7737;0,8411;103,39;2485102,74;1,0166;;;83814,0;10039493,0;1037934528,45;0,57
784;VINCI IMÓVEIS URBANOS;VIUR11;7,57;Ativa;11,3871;0,8228;9,2;238515,32;8,6726;;;11389,0;26946220,0;247977447,94;0,072
804;BRIO MULTIESTRATÉGIA;BIME11;7,7;Ativa;17,1429;0,8527;9,03;106801,35;2,6122;;;6292,0;5845602,0;52808976,89;0,07
497;DIAMANTE FDO INV IMOB;DAMT11B;17,5;Passiva;0,9108;1,3188;13,27;722,67;0,9325;;;559,0;7305341,0;96954733,25;0,071180788
65;Infra Real State;FINF11;0,0;Ativa;0,0;;40,6;;2,9;-4,4698;;4,0;820112,0;33300079,6;0,533961
551;XP PROPERTIES FDO. INV. IMOB.;XPPR11;33,5;Ativa;13,2836;0,4502;74,41;513507,77;1,9535;-17,203;-33,5942;68393,0;7316171,0;544417957,95;0,3
717;MAUÁ CAPITAL HEDGE FUND;MCHF11;8,88;Ativa;14,9775;0,9338;9,51;1033471,48;3,7957;;;30318,0;32307646,0;307239777,17;0,1
713;INTER TEVA INDICE DE PAPEL FUNDO DE INVESTIMENTO;ITIP11;76,97;Passiva;14,3043;0,961;80,09;87279,1;1,1953;;;2559,0;748151,0;59916768,98;0,68
13;Maxi Renda;MXRF11;10,17;Ativa;11,8977;1,0079;10,09;5136938,97;3,6331;12,0544;-7,0156;739809,0;226039663,0;2280166594,36;0,1
823;SUNO RECEBÍVEIS IMOBILIÁRIOS FDO DE INV IMOB;SNCI11;97,74;Ativa;14,9887;1,0035;97,4;919753,71;0,7543;;;43674,0;4200000,0;409061851,09;1,0
902;CANUMA CAPITAL MULTIESTRATÉGIA FDO DE INV IMOB;CCME11;102,14;Ativa;2,6336;1,0141;100,72;10083,18;53,1482;;;77,0;2495084,0;251302436,52;0,99
913;PRAIA DO CASTELO FUNDO DE INVESTIMENTO IMOBILIÁRIO;PCAS11;0,0;Passiva;0,0;;7240,49;;0,5807;;;50,0;70000,0;506834171,9;
905;FRONTEIRA MULTI FUNDO DE INVESTIMENTO IMOBILIÁRIO;FRHY11;0,0;Ativa;0,0;;99,53;;8,1086;;;7,0;130500,0;12989074,66;1,26
152;RBR Rendimento High Grade;RBRR11;88,5;Ativa;13,7514;0,9408;94,07;4025894,97;1,7165;23,2772;-6,9645;128356,0;13438908,0;1264255002,92;0,90401616
689;BRIO CRÉDITO ESTRUTURADO;BICE11;986,0;Ativa;6,7278;0,9892;996,79;397237,2;34,3142;;;102,0;21071,0;21003291,8;12,0
125;Áquilla Renda;ARFI11B;479,99;Ativa;0,0;0,7365;651,7;;1,5241;;;28,0;114054,0;74329618,05;
552;RIZA ARCTIUM REAL ESTATE FDO INV IMOB;ARCT11;88,63;Ativa;16,3129;0,8846;100,19;1016787,13;4,7399;-5,5425;-57,444;43228,0;3708168,0;371534654,03;0,393310235
715;JFL LIVING FDO. INV. IMOB.;JFLL11;60,35;Ativa;12,4441;0,5976;100,98;95825,9;2,385;;;4315,0;1500598,0;151528709,95;0,67
81;Brasil Plural Absoluto Fundo de Fundos;BPFF11;64,56;Ativa;12,4071;0,8785;73,49;317143,65;3,8333;5,8186;-19,6601;19325,0;4492326,0;330121846,94;0,62
580;CAPITÂNIA REIT FOF - FDO. INVEST. IMOB;CPFF11;63,2;Ativa;11,7089;0,8178;77,28;512732,35;0,2701;;-16,0525;12598,0;5449778,0;421169425,58;0,6
719;MULTIOFFICES 2 - FDO. INV. IMOB.;MOFF11;0,0;Ativa;0,0;;807,34;;0,2406;;;4,0;209066,0;168787791,63;
632;HSI ATIVOS FINANCEIROS;HSAF11;78,69;Ativa;15,8216;0,8615;91,34;353253,03;2,2993;;;8070,0;2526360,0;230754977,58;0,8
129;Bradesco Carteira Imobiliária Ativa;BCIA11;82,44;Ativa;10,5653;0,8223;100,26;262798,26;0,2585;-1,8789;-32,2415;14255,0;3719038,0;372862279,83;0,76
779;FDO INV IMOB BTG PACTUAL TERRAS AGRÍCOLAS;BTRA11;83,93;Ativa;11,8564;0,691;121,46;468501,35;8,5636;;;20627,0;3364559,0;408658829,29;0,85
711;GALAPAGOS RECEBÍVEIS IMOBILIÁRIOS;GCRI11;92,99;Ativa;16,4641;0,9854;94,37;83173,39;0,7578;;;3746,0;1190790,0;112371669,04;1,1
117;Shopping Parque Dom Pedro;SHDP11B;0,0;Passiva;0,0;;1294,47;;2,1665;6,6084;;3,0;1467793,0;1900016045,63;4,533400438
27;BB Progressivo II;BBPO11;86,21;Passiva;12,5971;0,8577;100,51;1552940,39;3,5867;-5,3729;-19,9351;73513,0;15919690,0;1600075310,12;0,92
915;VINCI CREDIT SECURITIES FUNDO DE INVESTIMENTO IMOB;VCRI11;9,02;Ativa;10,0333;0,9545;9,45;358041,97;7,7698;;;5932,0;17773297,0;167913154,23;0,125
746;GTIS BRAZIL LOGISTICS;GTLG11;98,0;Ativa;8,5714;1,0373;94,48;839674,63;4,1131;;;129,0;7173000,0;677727013,77;0,7
654;HECTARE DESENV. STUDENT HOUSING;HCST11;61,0;Ativa;0,0;0,6123;99,63;1206,5;6,1074;;;75,0;467414,0;46566463,39;
160;Fator Verita;VRTA11;88,5;Ativa;15,0282;0,9707;91,17;2444290,35;6,1722;14,7163;-13,8804;117856,0;15592424,0;1421569816,78;0,9
147;Ourinvest Cyrela;OURE11;81,2;Ativa;14,8399;0,892;91,03;88556,81;1,1004;17,2183;-7,5612;5595,0;1077087,0;98047917,89;1,0000000186
10;JS Real Estate Multigestão;JSRE11;66,17;Ativa;9,0056;0,5857;112,97;1908392,06;0,0835;1,1972;-17,6322;84893,0;20767328,0;2346073475,07;0,49
63;EUROPAR;EURO11;232,48;Passiva;9,2868;0,7159;324,73;142587,42;1,3614;24,2701;3,6955;2563,0;383936,0;124675922,34;2,03
844;SERRA VERDE FUNDO DE INVESTIMENTO IMOBILIÁRIO;SRVD11;7,49;Ativa;3,9786;10,1216;0,74;476,4;1,4824;;;103,0;96286020,0;71362233,07;0,2
151;RBR ALPHA MULTIESTRATÉGIA REAL ESTATE;RBRF11;66,6;Ativa;11,1562;0,8137;81,85;1957435,68;0,4196;-2,1605;-20,7448;95508,0;13680770,0;1119734467,78;0,63
818;FDO DE INV IMOB MAUA CAPITAL MPD DESENV RESID;MMPD11;0,0;Ativa;0,0;;103,23;;2,4219;;;48,0;530000,0;54713644,61;
513;FDO INV IMOB - FII UBS (BR) OFFICE;RECT11;52,87;Ativa;11,4282;0,5644;93,68;444007,0;2,3978;-13,4014;-21,549;78094,0;8543493,0;800339792,56;0,5021
827;FDO DE INVST IMOB CAIXA CARTEIRA IMOBILIÁRIA;CXCI11;75,6;Ativa;9,9603;0,8119;93,11;73999,13;2,3516;;;5546,0;2057726,0;191603025,19;0,83
695;ESTOQUE RESIDENCIAL E COMERCIAL RJ;ERCR11;76000,0;Passiva;10,311;1,1101;68465,25;;0,1541;;;10,0;2376,0;162673435,2;139,44969767
677;BTG PACTUAL AGRO LOGÍSTICA;BTAL11;96,3;Ativa;10,2804;0,9166;105,06;891428,97;3,5421;;;42591,0;5982736,0;628524855,6;0,83
516;FDO INV IMOB TOURMALET II;TOUR11;8,8;Ativa;0,0;;0,0;;;;;0,0;0,0;0,0;0,242328
120;Vinci Shopping Centers;VISC11;106,2;Ativa;8,1638;0,8576;123,83;2327812,0;3,3635;27,7858;-8,6357;235826,0;18591052,0;2302056565,43;0,85
644;FUNDO DE INVESTIMENTO IMOBILIÁRIO RIZA TERRAX;RZTR11;95,17;Ativa;15,3515;0,9768;97,43;4074304,81;5,0444;;;78310,0;11048018,0;1076375308,62;0,86
628;QUATA IMOB RECEBÍVEIS IMOB;QIRI11;78,04;Ativa;6,8939;0,8709;89,61;6867,57;100,3102;;;173,0;150000,0;13441852,95;0,66
127;BB Recebíveis Imobiliários;BBIM11;0,0;Ativa;0,0;;30,04;;2,3955;-15,9271;;20,0;1035000,0;31092774,28;0,45
642;TRX REAL ESTATE II FDO. INVEST. IMOB.;TRXB11;122,0;Passiva;8,8607;1,0584;115,27;810839,86;0,4968;;;194,0;2730511,0;314737317,6;0,95
1;BTG Pactual Corporate Office;BRCR11;58,74;Ativa;9,857;0,5885;99,81;1443782,32;1,1746;0,0787;-21,0356;156823,0;26638202,0;2658696034,5;0,47
733;VALORA HEDGE FUND;VGHF11;9,28;Ativa;15,8405;1,0415;8,91;1975749,06;1,9271;;;206209,0;72889247,0;649517237,72;0,09
836;FUNDO DE INVESTIMENTO IMOBILIÁRIO – BLUE RECEBÍVEI;BLUR11;99,42;Ativa;10,3601;0,9837;101,07;624,77;5,2018;;;82,0;90000,0;9096398,99;1,03
519;XP HOTÉIS - FDO INV IMOB;XPHT11;112,99;Ativa;7,4343;1,1992;94,22;44553,41;2,0911;;2,9343;1264,0;3804642,0;358486293,56;1,7
519;XP HOTÉIS - FDO INV IMOB;XPHT12;33,74;Ativa;0,0;0,3581;94,22;5608,41;2,0911;;-35,2001;1264,0;3804642,0;358486293,56;
612;BLUECAP RENDA LOG. FDO INV. IMOB. - FII;BLCP11;91,0;Ativa;5,0109;0,8144;111,74;103127,5;1,064;;;279,0;2296282,0;256580339,9;0,563427828
528;EUROPA 105 - FDO INV IMOB;ERPA11;123,98;Passiva;4,1951;0,9045;137,07;135240,33;1,0257;;;328,0;500922,0;68662057,03;0,69590699
80;Banrisul Novas Fronteiras;BNFS11;123,0;Ativa;13,8599;1,3457;91,4;61206,39;6,1209;14,7263;-2,076;3955,0;700000,0;63979435,37;1,5038973
819;MMVE OPORTUNIDADES IMOBILIÁRIAS;MMVE11;163,86;Ativa;0,0;1,028;159,39;18288,0;1,6069;;;13,0;465000,0;74115413,28;
132;Brazil Realty;BZLI11;16,7;Ativa;0,0;1,5981;10,45;371,0;0,0643;;1,4376;19,0;41389392,0;432359368,56;
115;RB Capital General Shopping Sulacap;RBGS11;28,45;Passiva;0,0;0,3134;90,78;;0,5188;4,9063;-22,9267;2808,0;1078000,0;97865283,71;0,1766
98;Even Permuta Kinea;KINP11;8,07;Ativa;36,154;1,8341;4,4;37096,58;14,5195;;-15,552;1787,0;7147934,0;31435446,95;0,1678806771
50;Rio Negro;RNGO11;46,85;Passiva;10,3095;0,5407;86,64;97609,03;2,0373;-3,5309;-24,7183;12047,0;2676000,0;231840612,68;0,43
748;FUNDO DE INVESTIMENTO IMOBILIÁRIO DEVELOPMENT;LKDV11;969,58;Ativa;0,0;0,9703;999,28;775664,0;1,6843;;;68,0;66811,0;66762696,78;
534;FDO INV. IMOB. FOF INTEGRAL BREI;IBFF11;66,4;Ativa;4,9294;4,4926;14,78;162549,5;101,1319;;-13,6167;3870,0;666681,0;9855905,16;0,29648528
107;General Shopping Ativo e Renda;FIGS11;48,2;Passiva;9,4398;0,6302;76,48;119590,16;2,0953;4,388;-18,9294;15678,0;2850000,0;217963812,1;0,42
549;VINCI OFFICES FDO INV IMOB;VINO11;47,31;Ativa;8,624;0,8641;54,75;1047518,74;3,7563;-2,5593;-11,1764;125317,0;16565259,0;906890470,29;0,34
618;MERITO FDO. AÇÕES IMOB. FII - FDO INV. IMOB.;MFAI11;57,0;Ativa;14,6316;0,8363;68,16;72006,35;0,2686;;;3525,0;316074,0;21542500,83;0,65
515;FDO INV IMOB TOURMALET I;TORM13;142,0;Ativa;0,0;;0,0;;;;;0,0;0,0;0,0;10,56295967
510;FDO INV IMOB RBR PRIVATE CRÉDITO IMOB;RBRY11;94,6;Ativa;14,9687;0,947;99,89;1006347,32;6,0445;19,9009;-5,3428;27087,0;5546804,0;554075144,4;1,1
90;Nestpar;NPAR11;12,82;Ativa;0,0;0,9112;14,07;3347,73;100,0;;;772,0;119589,0;1682250,84;1,196695
156;Hedge TOP FOFII;TFOF11;138,0;Ativa;0,0;1,1386;121,2;;13,3649;29,9801;-4,8111;3278,0;850530,0;103080374,68;2,37
494;Rio Bravo Renda Varejo;RBVA11;97,15;Ativa;12,352;0,902;107,7;733581,61;0,7058;4,7181;-13,0527;45704,0;11588199,0;1248096452,77;1,07
157;FII REC Recebíveis Imobiliários;RECR11;85,97;Ativa;14,55;0,9018;95,33;4379573,55;4,1878;1,1715;-7,9573;182297,0;26441650,0;2520732971,92;0,9238
758;VOTORANTIM SECURITIES III;VTRT11;0,0;Ativa;0,0;;100,8;;20,1365;;;499,0;10224963,0;1030654046,2;0,1075080211
29;Brasilio Machado;BMII11;0,0;Passiva;0,0;;474,75;;0,7011;;;12,0;142400,0;67604086,07;0,228341
66;GGR Covepi Renda;GGRC11;101,0;Ativa;11,0891;0,8121;124,37;1573374,68;2,7133;8,9515;-11,8593;102314,0;7894945,0;981911300,68;0,95
942;ZAVIT REAL ESTATE FUND;ZAVI11;136,0;Ativa;2,6015;1,0418;130,54;4681,67;4,9178;;;87,0;926518,0;120945363,44;1,218
589;TORDESILHAS EI FDO. INV. IMOB.;TORD11;7,01;Ativa;14,0728;0,5;14,02;414626,61;0,3545;;;111473,0;35051354,0;491383523,53;0,04
128;BTG Fundo de Fundos;BCFF11;63,8;Ativa;10,4389;0,8633;73,9;2280505,77;6,0668;5,8857;-17,2023;309704,0;25186378,0;1861188611,83;0,56
514;STARX FDO INV IMOB;STRX11;8,52;Ativa;107,1596;0,0574;148,32;;0,7263;-69,159;;55,0;1613559,0;239322128,68;0,74
541;JPP ALLOCATION MOGNO - FDO INV IMOB;JPPA11;102,7;Ativa;18,8608;1,0445;98,32;285466,16;14,5325;33,479;-3,4141;7284,0;904056,0;88887026,92;1,41
26;BB Progressivo;BBFI11B;2116,0;Passiva;14,9381;0,7497;2822,39;249232,55;6,5472;2,7741;-10,9729;8495,0;130000,0;366910963,66;27,188593615
906;HEDGE DESENVOLVIMENTO LOGÍSTICO FDO INV IMOB;HDEL11;0,0;Passiva;0,0;;84,43;;102,5282;;;52,0;41983,0;3544558,02;1,95
572;HEDGE LOGÍSTICA FDO. INV. IMOB.;HLOG11;86,01;Ativa;9,0687;0,7385;116,47;50577,71;1,6874;0,5181;-13,9525;4182,0;4250000,0;494996222,85;0,65
110;Via Parque Shopping;FVPQ11;105,0;Passiva;8,8;0,5461;192,27;45449,87;2,1575;-13,2009;-22,2149;3930,0;2800149,0;538371403,16;1,15
934;REAL INVESTOR FUNDO DE INVESTIMENTO IMOBILIÁRIO;RINV11;0,0;Ativa;0,0;;97,67;;6,4444;;;76,0;300129,0;29314015,86;
782;JFDCAM FUNDO DE INVESTIMENTO IMOBILIÁRIO FII;VJFD11;0,0;Ativa;0,0;;136,07;;1,2526;;;97,0;4876129,0;663487214,82;1,1
807;FII CAIXA AGÊNCIAS;CXAG11;77,8;Ativa;10,9897;0,6786;114,65;129359,55;1,229;;;11488,0;2090621,0;239691104,42;0,95
18;Multi Shoppings;SHOP11;93,23;Ativa;0,0;2,0414;45,67;93,0;6,4922;;;22,0;1481266,0;67645858,73;
708;FDO. INVEST. IMOB. VOTORANTIM PATRIMONIAL XII;VTXI11;0,0;Ativa;0,0;;11,97;;35,6405;;;2,0;103500,0;1238877,08;
159;Votorantim Securities Master;VOTS11;85,5;Ativa;14,924;0,9165;93,29;2984,1;3,2432;44,7181;-3,1099;538,0;827913,0;77236917,57;1,11
540;HEDGE REALTY DEVELOPMENT FDO INV IMOB;HRDF11;0,87;Ativa;0,0;0,7073;1,23;276,27;45,9197;;-25,4525;1265,0;7587125,0;9357437,31;6,8
85;Campus Faria Lima;FCFL11;114,5;Ativa;8,6302;0,9856;116,17;181405,55;0,5581;16,0011;-6,7262;3830,0;3474010,0;403588183,44;0,763171481
670;KILIMA FIC FDO. IMOB. SUNO 30;KISU11;7,96;Ativa;11,1809;0,9128;8,72;868023,58;2,2264;;;111429,0;44196050,0;385223962,34;0,09
133;Capitania Securities II;CPTS11;77,5;Ativa;15,0323;0,8731;88,76;6890582,71;0,1382;8,7425;-12,3266;202917,0;31782814,0;2821089520,99;0,58
524;HECTARE CE - FDO INV IMOB;HCTR11;98,99;Ativa;16,335;0,8155;121,38;4290970,45;1,0671;-8,1828;-8,9002;209295,0;22084202,0;2680557317,01;1,1
31;Castello Branco Office Park;CBOP11;48,6;Passiva;14,5062;0,6584;73,82;22120,06;2,802;6,296;-21,2463;3655,0;1415000,0;104458062,96;1,12
832;MOGNO REAL ESTATE IMPACT DEV. FUND;MGIM11;101,5;Ativa;0,9063;1,0314;98,41;5538,9;101,0381;;;75,0;247300,0;24337124,08;0,176172786
544;HEDGE OFFICE INCOME FUNDO DE INVESTIMENTO IMOB;HOFC11;27,51;Ativa;11,5231;0,3053;90,1;163931,48;0,3255;-16,9479;-38,6265;8437,0;3779001,0;340483845,14;0,07
20;Ourinvest RE I;WTSP11B;39,98;Ativa;2,8294;0,5516;72,48;4637,29;0,8873;-5,0368;-18,1762;200,0;992565,0;71939973,82;0,49650033
911;MÉRITO RECEBÍVEIS IMOBILIÁRIOS FII;MFCR11;103,49;Ativa;4,3289;1,0142;102,04;1235,13;2,0983;;;97,0;100492,0;10254462,15;0,96
712;HGI CRÉDITOS IMOBILIÁRIOS;HGIC11;101,63;Ativa;12,6931;0,8859;114,72;28520,8;23,749;;;392,0;462706,0;53081054,91;1,1
11;Kinea Renda Imobiliária;KNRI11;138,75;Ativa;7,5676;0,8681;159,84;2923226,13;2,2005;9,5794;-8,567;242192,0;24157121,0;3861168482,44;1,0
603;MORE REAL ESTATE FOF FII FDO. INV. IMOB.;MORE11;64,59;Ativa;12,3803;0,7798;82,83;395334,68;0,9251;;;17818,0;2319115,0;192101783,82;0,54
145;NCH EQI HIGH YIELD RECEBÍVEIS IMOB;NCHB11;87,01;Ativa;18,1378;0,9711;89,6;404785,84;11,2743;14,5116;;11822,0;1697945,0;152136565,21;1,05
582;Newport Logística;NEWL11;100,0;Ativa;11,5;0,8327;120,09;104409,29;3,5601;;-7,6557;3914,0;2033099,0;244155118,31;1,3
692;BTSP I FDO. INVEST. IMOB;BTSG11;100,0;Ativa;9,92;0,7265;137,65;100,0;0,7684;;;56,0;775015,0;106681020,3;0,87
154;Socopa Fundo de Investimento Imobiliário;REIT11;190,8;Ativa;17,1122;0,6735;283,31;454,57;9,1577;;-46,7496;65,0;26291,0;7448422,56;2,78
505;LOFT I - FDO INV IMOB;LOFT11B;29,9;Ativa;0,0;1,7496;17,09;;14,5446;;-35,6101;1,0;1962500,0;33545087,43;0,2017052052
763;CANVAS CRI;CCRF11;91,5;Ativa;13,9413;0,9534;95,97;5009,52;7,7621;;;289,0;1571900,0;150861321,62;0,55
700;FDO INV IMOB MV9;MVFI11;0,0;Ativa;0,0;;1,51;;1,1568;;;1,0;78155673,0;118190085,44;
54;TB Office;TBOF11;15,56;Passiva;5,2875;74,0952;0,21;;492,1539;74,6165;-46,5258;9180,0;10050000,0;2097587,74;0,822739697
8;CSHG Renda Urbana;HGRU11;117,4;Ativa;9,6082;0,9553;122,89;3923555,55;2,6484;11,2154;-4,9329;189702,0;18406458,0;2262020100,59;2,0
108;Vida Nova;FIVN11;3,65;Passiva;0,0;0,5259;6,94;18596,9;0,0235;;-16,1891;3951,0;9412630,0;65352435,22;
591;CARTESIA RECEBÍVEIS IMOBILIÁRIOS;CACR11;104,14;Ativa;16,9771;1,0059;103,53;496834,29;4,0863;;;8195,0;1807434,0;187120461,4;1,47
696;FARIA LIMA CAPITAL RECEB. IMOB. I;FLCR11;95,57;Ativa;15,252;0,971;98,42;53771,03;10,4284;;;2828,0;633604,0;62357643,8;1,162
736;VERSALHES RECEBÍVEIS IMOBILIÁRIOS;VSLH11;8,85;Ativa;14,7006;0,8469;10,45;637965,87;1,227;;;91879,0;29864091,0;311981462,11;0,07
630;CF2 FUNDO DE INVESTIMENTO IMOBILIÁRIO;CFHI11;0,0;Ativa;0,0;;671,3;;0,7354;;;54,0;94600,0;63504973,08;36,51139
686;BLUEMACAW CRÉDITO IMOBILIÁRIO;BLMC11;81,0;Ativa;14,9877;0,8428;96,11;5303,16;3,1472;;;431,0;399500,0;38395654,7;0,82
693;DEL MONTE AJAX FDO INV IMOB;DLMT11;0,0;Ativa;0,0;;0,66;;3,0204;;;9,0;13225796,0;8693492,33;0,01298
25;Torre Almirante;ALMI11;921,0;Passiva;0,0;0,4563;2018,25;69129,07;1,599;;-23,4479;2601,0;111177,0;224382977,88;0,3711330468
737;VIC DESENVOLVIMENTO VINTAGE 20/21;VIDS11;0,0;Ativa;0,0;;912,76;;3,3589;;;199,0;76415,0;69748604,81;
834;FII RBR DESENV;RBRI11;999,89;--;3,5624;0,8184;1221,79;98989,0;0,2896;;;84,0;129134,0;157774835,93;35,62
610;VINCI INSTRUMENTOS FINANCEIROS;VIFI11;6,94;Ativa;10,7061;0,7842;8,85;91103,45;6,9402;;;6807,0;8089190,0;71609024,11;0,065
124;Áquilla;AQLL11;385,03;Ativa;0,0;0,3855;998,79;;0,6765;;;56,0;145023,0;144847796,54;
846;FDO INV IMOB HOSPITAL UNIMED CAMPINA GRANDE;HUCG11;77,52;Passiva;8,4236;0,7587;102,18;13392,96;61,0099;;;197,0;1122000,0;114650984,82;0,78
660;REC LOGISTICA;RELG11;73,22;Ativa;12,8078;0,5997;122,1;85851,52;3,3586;;;7635,0;1334562,0;162951215,1;0,8
548;TREECORP REAL ESTATE FDO INV IMOB - I;TCPF11;1,26;Ativa;1541,2698;0,0097;129,47;;6,6036;;;51,0;297327,0;38495159,25;1,94
539;HABITAT II - FDO INV IMOB;HABT11;90,06;Ativa;15,5119;0,9026;99,78;1456496,71;6,4026;3,8311;-7,489;66807,0;8126783,0;810912436,0;1,17
783;R CAP 1810 FUNDO DE FUNDOS;XBXO11;0,0;Ativa;0,0;;96,0;;0,0018;;;6,0;3042600,0;292088233,76;
687;BLUEMACAW LOGÍSTICA;BLMG11;72,99;Ativa;13,1525;0,8153;89,52;407648,03;4,7798;;;12045,0;3810588,0;341113833,97;0,8
933;NAVI CRÉDITO IMOBILIÁRIO;NCRI11;10,0;Ativa;1,2;0,823;12,15;147,5;8,1685;;;23,0;3249999,0;39489856,21;0,12
112;Shopping Jardim Sul;JRDM11;80,01;Passiva;8,5967;0,8989;89,01;39219,81;1,6039;12,671;-8,662;4272,0;2522968,0;224580449,37;0,652745472
714;JBFO FOF FDO INV. IMOB.;JBFO11;92,01;Ativa;7,7166;1,0889;84,5;55206,0;1,573;;;363,0;1279070,0;108083599,43;0,63
504;FUNDO DE FDO INV IMOB KINEA FII;KFOF11;77,0;Ativa;10,7792;0,8474;90,87;565227,77;0,8754;10,3307;-17,2724;11737,0;4533315,0;411927535,78;0,72
903;CONSTANTINOPLA RECEBÍVEIS IMOBILIÁRIOS FII;CYLD11;0,0;Ativa;0,0;;102,45;;1,9322;;;44,0;473400,0;48499879,43;
753;PERFORMA REAL ESTATE;PEMA11;52,01;Ativa;26,3611;0,6814;76,33;2831,14;0,7296;;;389,0;552000,0;42136735,56;0,389
30;BM Brascan Lajes Corporativas;BMLC11;99,99;Ativa;8,9109;0,877;114,01;319515,33;3,4771;9,6042;-3,4192;1427,0;998405,0;113828917,37;1,0
847;JACARANDÁ I FUNDO DE INVESTIMENTO IMOBILIÁRIO;JCDA11;0,0;Passiva;0,0;;10,92;;3,2206;;;49,0;14304223,0;156137522,79;
155;BB Renda de Papéis Imobiliários;RNDP11;158,97;Ativa;22,0985;0,8222;193,35;8359,23;4,9225;-5,626;-45,7378;1107,0;107481,0;20781882,83;0,81
900;ALIANZA URBAN HUB RENDA FUNDO DE INVESTIMENTO IMOB;AURB11;0,0;Ativa;0,0;;90,58;;0,553;;;5,0;880560,0;79760418,62;0,5051
704;FDO. INV. IMOB. CAIXA IMÓVEIS CORPORATIVOS;CXCO11;70,2;Passiva;12,0634;0,7069;99,3;148969,94;1,3946;;;13267,0;3924500,0;389717797,18;0,724
602;LEGATUS SHOPPINGS FDO. INV. IMOB. - FII;LASC11;100,79;Ativa;8,639;1,1695;86,18;8822,55;11,065;;;367,0;2940298,0;253396800,95;0,71
850;WHG REAL ESTATE FUNDO DE INVESTIMENTO IMOBILIÁRIO;WHGR11;8,53;Ativa;7,5029;0,8539;9,99;468263,55;1,6057;;;3322,0;25089531,0;250684297,84;0,09
928;VIC DESENVOLVIMENTO VINTAGE;VDSV11;0,0;Ativa;0,0;;947,55;;1,1963;;;72,0;10221,0;9684881,24;
805;BLUEMACAW CATUAÍ TRIPLE A FDO DE INV IMOB;BLCA11;93,0;Ativa;6,828;0,6148;151,26;8875,9;3,8333;;;132,0;1600000,0;242015298,91;0,56
122;Shopping West Plaza;WPLZ11;77,99;Passiva;6,4111;0,8883;87,8;8720,74;2,1616;-4,1889;-11,0939;1816,0;1020747,0;89617303,28;0,6
506;FDO INV IMOB - VBI LOGÍSTICO;LVBI11;97,0;Ativa;9,1287;0,8398;115,5;2142109,68;3,211;8,3741;-10,8193;65588,0;11775177,0;1360014699,59;0,75
752;NAVI IMOBILIÁRIO TOTAL RETURN;NAVT11;72,42;Ativa;13,836;0,8084;89,58;72271,23;5,0452;;;1655,0;1054507,0;94464858,96;0,85
5;Continental Square Faria Lima;FLMA11;126,85;Ativa;8,0568;0,7916;160,25;58735,87;2,0643;27,7669;-13,4479;17204,0;1380670,0;221247463,81;1,02
119;SPA Fundo de Investimento Imobiliário – FII;SPAF11;0,0;Ativa;0,0;;993,96;;0,5825;33,9908;;1,0;11270,0;11201887,23;15,97980333
140;Iridium Recebíveis Imobiliários;IRDM11;91,05;Ativa;14,5147;0,9811;92,8;6078988,16;2,8185;2,3128;-8,946;277102,0;36433827,0;3380901881,87;0,896316776
595;FDO INV IMOB VOTORANTIM SECURITIES;VSEC11;46,25;Ativa;8,9946;0,4263;108,49;3876,0;67,359;;;77,0;62735,0;6805915,09;0,32
617;PARQUE ANHANGUERA FDO. INVEST. IMOB.;PQAG11;54,75;Ativa;9,1142;0,9562;57,26;276338,79;0,0216;;;462,0;13991890,0;801155763,1;0,44
579;FDO. INV. IMOB. HOUSI;HOSI11;64,74;Ativa;9,0549;0,701;92,35;7429,5;3,0816;;;1736,0;573450,0;52957196,1;1,5226
542;QUASAR AGRO - FDO INV. IMOB.;QAGR11;44,39;Ativa;10,802;0,7949;55,84;307729,87;1,5905;11,5507;-26,9449;24653,0;5040000,0;281454019,9;0,41
653;DEVANT RECEBÍVEIS IMOBILIÁRIOS;DEVA11;89,29;Ativa;15,0745;0,8781;101,69;2419826,48;5,6824;;;129230,0;14044908,0;1428171158,24;1,05
114;Parque Dom Pedro Shopping Center;PQDP11;2169,99;Passiva;8,4104;0,6928;3132,2;121579,16;2,1151;5,2797;-16,4526;4030,0;245513,0;768995698,7;16,798732124
833;TJK RENDA IMOBILIÁRIA FDO INV IMOB;TJKB11;0,0;Ativa;0,0;;267,1;;0,1059;;;51,0;756974,0;202188457,24;2,49
38;Edifício Galeria;EDGA11;19,01;Passiva;8,0785;0,3111;61,1;29032,1;1,1081;-4,0849;-31,3004;6060,0;3812055,0;232905292,59;0,15
48;The One;ONEF11;171,96;Passiva;6,4201;0,8537;201,44;75585,9;1,0608;13,6034;-0,5824;3328,0;911000,0;183514122,94;0,98
149;Polo Recebíveis Imobiliários II;PORD11;90,06;Ativa;16,2114;0,918;98,1;531776,1;8,1719;18,0943;-5,8086;22196,0;3728375,0;365751144,43;0,91
571;LOGCP INTER FDO INV IMOB;LGCP11;77,04;Ativa;9,5145;0,7495;102,79;338578,74;0,8565;10,7678;-11,9352;15282,0;2732860,0;280909823,71;0,62
531;FDO INV IMOB - OURINVEST FUNDO DE FUNDOS;OUFF11;63,59;Ativa;13,5713;0,8378;75,9;143474,0;1,3549;3,8939;-15,5281;8390,0;1814336,0;137707552,5;0,7000001433
58;Vector Queluz Lajes Corporativas;VLJS11;1141,14;Passiva;0,0;1,1186;1020,17;;4,3686;;;9,0;26068,0;26594422,42;28,81922098
718;MULTIOFFICES 1;MTOF11;0,0;Ativa;0,0;;101,49;;0,9923;;;3,0;1880743,0;190881272,45;
668;REAG MULTI ATIVOS IMOBILIÁRIOS;RMAI11;50,32;Ativa;6,5382;0,4658;108,04;31879,86;0,4826;;;1185,0;2443800,0;264027689,75;0,26
87;Hospital Unimed Sul Capixaba;HUSC11;101,27;Passiva;9,687;0,6901;146,75;12207,12;0,6794;;-14,2407;766,0;794613,0;116606431,0;0,06
848;BS2 ALLINVESTMENTS FDO DE INV IMOB;LLAO11;0,0;Ativa;0,0;;100,47;;30,8084;;;78,0;361140,0;36282399,22;
709;FUNDO DE INVESTIMENTO IMOBILIÁRIO BRL PROP II;BRLA11;144,91;Passiva;8,8193;0,9172;157,99;316337,47;0,0531;;;228,0;2766455,0;437083972,92;1,093
44;Pedra Negra Renda Imobiliária;FPNG11;64,98;Ativa;12,1422;0,3808;170,64;861,8;1,8181;11,8406;;67,0;1022344,0;174456127,14;0,79
83;Caixa Cedae;CXCE11B;40,8;Passiva;11,1135;0,622;65,6;23094,39;6,6501;-23,4968;-28,4957;4121,0;1712950,0;112377564,94;0,4037219475
808;CYRELA CRÉDITO;CYCR11;8,55;Ativa;15,7522;0,0891;95,92;238041,77;17,6614;;;4866,0;1631584,0;156502154,52;0,11681447
79;BB Renda Corporativa;BBRC11;94,82;Passiva;13,2989;0,8807;107,66;97874,03;4,7599;0,3151;-14,3689;9137,0;1590000,0;171184987,01;0,99
710;HBC RENDA URBANA;HBCR11;114,39;Ativa;5,375;1,1214;102,01;684,25;4,0187;;;46,0;1000000,0;102009168,1;0,6143526338
816;MORE GESTÃO ATIVA;MATV11;85,02;Ativa;16,702;0,9158;92,84;3352,94;5,2349;;;287,0;425968,0;39545100,14;1,0
701;FDO INV IMOB POLO ESTOQUE II;ESTQ11;0,0;Ativa;0,0;;0,06;;38,9569;;;5,0;65361974,0;4092289,4;
56;Torre Norte;TRNT11;124,68;Passiva;3,6474;0,6336;196,78;2828,33;0,6572;-9,6563;-20,6977;720,0;3935562,0;774435542,43;0,338342506
739;ZION CAPITAL FUNDO DE INVESTIMENTO IMOBILIÁRIO;ZIFI11;1164,99;Ativa;0,6969;0,9846;1183,2;320027,0;0,6707;;;63,0;47485,0;56184445,74;3,304958
521;FDO INV IMOB BARIGUI RENDIMENTOS IMOB I FII;BARI11;86,42;Ativa;15,9685;0,9063;95,36;707120,58;2,9142;8,6481;-7,7272;39508,0;4634191,0;441910451,27;0,9
22;Hospital Nossa Sra Lourdes;NSLU11;161,5;Passiva;6,5957;0,8119;198,92;366425,42;2,9568;-12,6232;-14,1655;6692,0;1293286,0;257258460,43;1,510047294
731;TELLUS DESENVOLVIMENTO LOGÍSTICO;TELD11;0,0;Ativa;0,0;;100,42;;29,5674;;;2,0;469760,0;47175347,09;
907;HEDGE DESENVOLVIMENTO LOGÍSTICO FDO INV IMOB;HDOF11;130,0;Ativa;0,0;1,3238;98,2;39000,0;1,7021;;;108,0;1718674,0;168772229,96;
927;CF3 FUNDO DE INVESTIMENTO IMOBILIÁRIO;CFII11;0,0;Ativa;0,0;;976,89;;19,7726;;;51,0;27380,0;26747146,02;
811;FDO DE INVEST IMOB GUARDIAN MULTIESTRATÉGIA I;GAME11;8,85;Ativa;16,4972;0,9003;9,83;113000,1;0,201;;;18758,0;21697877,0;213370670,49;0,1
78;Alianza Trust Renda Imobiliária;ALZR11;114,57;Ativa;12,2883;1,0718;106,89;1046948,13;19,7645;29,9086;-5,9661;118293,0;6922906,0;739972087,35;0,725451934
527;CSHG IMOB. FOF - FDO INV. IMOB. - FII;HGFF11;71,89;Ativa;10,4882;0,8278;86,84;485585,13;2,5421;2,508;-15,4405;9559,0;2863597,0;248663474,57;0,65
729;SJ AU LOGÍSTICA;SJAU11;99,98;Passiva;0,0;0,9758;102,46;47863,08;0,0669;;;138,0;7932248,0;812712437,15;
780;FDO. INVEST. IMOB. DEVANT FOF IMOBILIÁRIOS;DVFF11;70,51;Ativa;12,7216;0,774;91,1;31499,26;5,6355;;;679,0;1100950,0;100294718,52;0,8
909;LIFE CAPITAL PARTNERS FUNDO DE INVESTIMENTO IMOB;LIFE11;10,22;Ativa;11,0108;0,999;10,23;275302,52;19,26;;;762,0;10531897,0;107693466,26;0,132
498;MAC FDO INV IMOB;DMAC11;13,0;Passiva;0,0;2,6052;4,99;;105,1441;;-71,0537;2352,0;156108,0;778257,9;4,89461808
607;URCA PRIME RENDA;URPR11;99,86;Ativa;18,2205;1,0106;98,81;2361134,29;11,5721;;;90383,0;11675248,0;1153576868,52;1,21
842;PANORAMA LAST MILE SBC FDO INV IMOB;PNLN11;0,0;Ativa;0,0;;44,84;;64,5718;;;51,0;9831,0;440836,19;
14;Panamby;PABY11;14,79;Passiva;0,0;;-15,92;15971,16;;;-14,8903;710,0;758400,0;-12075566,9;
727;RIO BRAVO CRÉDITO IMOB. HIGH YIELD;RBHY11;96,06;Ativa;16,4481;1,0206;94,12;1289485,55;3,8898;;;3476,0;1893505,0;178207563,15;1,2
97;JT Prev FII Desenvolvimento Habitacional;JTPR11;2517,0;Ativa;0,0;30,6876;82,02;;7,6789;;;8,0;214674,0;17607131,36;1,630372267
573;HEDGE SHOPPING PARQUE DOM PEDRO;HPDP11;77,23;Passiva;7,0827;0,8652;89,26;3172,0;0,5926;;-13,6621;386,0;2908813,0;259634104,12;0,32
545;RB CAPITAL TFO SITUS FDO INV IMOB - FII;RBTS11;1121,0;Ativa;23,5395;1,0249;1093,78;22420,0;14,5906;;;55,0;56525,0;61825976,14;150,37593985
916;VINCI VIFI 2 FUNDO DE INVESTIMENTO IMOBILIÁRIO FII;VLIQ11;0,0;Ativa;0,0;;0,0;;;;;1,0;0,0;0,0;
53;SP Downtown;SPTW11;40,8;Passiva;11,8627;0,732;55,74;120332,35;5,9943;-18,0989;-24,0698;32238,0;1798000,0;100226047,42;0,42
32;CENESP;CNES11;31,19;Ativa;3,9928;0,3488;89,43;3345,47;5,4837;-25,0094;-29,8756;1860,0;2949248,0;263755569,29;0,111141478
52;São Fernando;SFND11;83,07;Passiva;0,0;8,8278;9,41;;16,3138;116,6859;;54,0;981472,0;9237693,96;4,25
593;BRAZIL REAL ESTATE VICTORY FUND I;BREV11;106,5;Ativa;6,9953;0,8773;121,4;928,29;4,3152;;;145,0;967201,0;117415745,85;0,75
134;FII BTG PACTUAL CRÉDITO IMOBILIÁRIO;BTCI11;80,54;Ativa;14,9584;0,8893;90,57;1230092,35;7,0955;13,4422;-11,0295;36232,0;11057908,0;1001470167,13;0,95
728;SEQUOIA III RENDA IMOBILIÁRIA;SEQR11;60,39;Ativa;12,9504;0,6276;96,22;138342,77;7,5929;;;4758,0;1608552,0;154771812,73;0,677628
137;Hedge TOP FOFII 2;FOFT11;123,0;Ativa;0,0;1,1161;110,21;;5,1009;-47,711;;3846,0;1196040,0;131819480,59;1,9
43;Projeto Água Branca;FPAB11;136,99;Passiva;13,8842;0,3653;375,02;87313,96;1,7924;-4,0477;-30,3248;911,0;750000,0;281261368,63;1,65
623;GALAPAGOS FDO DE FDO - FII FDO INV. IMOB.;GCFF11;70,5;Ativa;12,8085;0,8663;81,38;33791,1;0,3872;;;1970,0;338598,0;27556240,23;0,72
499;DOVEL FDO INV IMOB;DOVL11B;21,39;Ativa;263,8739;0,0179;1197,88;;5,8356;;;52,0;66406,0;79546172,58;30,2103351423
777;BTSP II FUNDO DE INVESTIMENTO IMOBILIÁRIO;BTSI11;0,0;Ativa;0,0;;104,29;;0,234;;;91,0;1725877,0;179995460,69;0,73
908;JASC RENDA VAREJO ESSENCIAL FDO DE INV IMOB;JASC11;100,0;Ativa;2,23;0,8543;117,05;648700,0;0,6493;;;69,0;1820287,0;213056329,87;0,37
109;Floripa Shopping;FLRP11;1542,01;Passiva;8,3709;0,8442;1826,69;119057,17;2,581;13,3765;-2,2308;806,0;65232,0;119158437,08;20,0
37;Edifício Ouroinvest;EDFO11B;197,0;Passiva;9,8841;1,0267;191,88;334680,45;1,7689;2,7751;-11,0589;545,0;236000,0;45282853,19;1,82494915
615;RBR DESENV COMERCIAL FEEDER;RCFF11;93,0;Ativa;3,2066;1,0167;91,47;41956,6;14,7153;;;84,0;323200,0;29562007,81;1,2312140951
724;QUASAR CRÉDITO IMOBILIÁRIO;QAMI11;81,99;Ativa;15,7397;0,8961;91,5;43818,06;3,007;;;1506,0;801398,0;73325660,72;0,9
685;ALIANZA MULTIESTRATÉGIA FUNDO DE INVESTIMENTO IMOB;ALZM11;85,1;Ativa;14,8536;0,8904;95,58;109854,87;3,0366;;;3470,0;691192,0;66062637,95;1,05
42;Memorial Office;FMOF11;58,0;Passiva;0,7759;0,4891;118,59;2817,09;1,5707;18,0078;-18,3368;280,0;508008,0;60243274,12;0,31
16;RB Capital Renda II;RBRD11;36,11;Passiva;12,6004;0,5431;66,49;44747,16;3,2378;-41,5452;-30,4859;10805,0;1851786,0;123124166,9;0,3
138;Hedge Top FOFII 3;HFOF11;68,0;Ativa;10,7647;0,8408;80,88;1519257,23;0,8763;-3,5563;-18,4755;69478,0;23012000,0;1861309846,51;0,62
511;GRUPO RCFA FDO INV IMOB;RCFA11;2,99;Passiva;0,0;0,1708;17,51;1654,3;0,0356;;3,3318;278,0;583926,0;10226252,35;
764;MORE RECEBÍVEIS IMOBILIÁRIOS FII;MORC11;95,27;Ativa;16,3325;0,9759;97,62;206965,55;2,4379;;;4547,0;1291942,0;126121432,46;1,1
523;HSI MALL FDO INV IMOB;HSML11;79,49;Ativa;9,6616;0,8146;97,58;2394369,61;5,2905;21,7075;-13,3046;146902,0;15780613,0;1539798921,32;0,7
666;HSI RENDA IMOB;HSRE11;102,49;Ativa;6,9665;1,0672;96,04;1698276,09;2,1785;;;179,0;8518064,0;818075904,09;0,63
142;Kinea High Yield CRI;KNHY11;95,75;Ativa;13,3681;0,9795;97,75;2616277,74;1,3537;14,3524;-7,1637;14404,0;18490843,0;1807503925,37;0,95
143;Kinea Índice de Preços;KNIP11;89,84;Ativa;13,8023;0,9572;93,86;9539127,19;4,3601;10,4616;-8,6361;69288,0;80078186,0;7516263976,03;0,94
40;Edifício Castelo;FCAS11;0,0;Passiva;0,0;;60,79;;186,1664;;;2,0;1327300,0;80684223,04;0,1219150757
756;SUNO FUNDO DE FUNDOS;SNFF11;87,38;Ativa;10,5859;0,9872;88,51;488097,26;0,928;;;32449,0;2830000,0;250489710,29;0,8
61;V2 EDIFICIOS CORPORATIVOS FDO INV IMOB;VVCO11;9,45;Ativa;0,0;0,7031;13,44;31364,16;42,3135;;-12,2586;4098,0;5014556,0;67378204,04;0,323281397
89;RIO BRAVO OPORTUNIDADES IMOBILIÁRIAS FII;RBOP11;588,0;Ativa;21,8963;0,7632;770,49;88061,13;7,0479;8,8974;-24,8545;3646,0;101664,0;78331485,01;8,25
512;RB CAPITAL RENDIMENTOS IMOB FDO INV IMOB;RCRI11B;1200,0;Ativa;0,0;3,2841;365,4;;70,8021;;;149,0;51012,0;18639596,1;12,48183593
730;SOLARIUM FII;SOLR11;1128,06;Ativa;8,2469;1,2309;916,42;1058,5;0,1672;;;52,0;62883,0;57627366,23;8,74640205
2;Brazilian Graveyard and Death Care;CARE11;2,56;Ativa;0,0;0,3141;8,15;20748,48;0,4609;;-24,7171;11934,0;35769919,0;291348200,87;0,008385
665;HEDGE RECEBIVEIS IMOB;HREC11;80,0;Ativa;14,9375;0,9001;88,88;130798,55;1,2445;;;965,0;5156765,0;458343757,83;0,95
705;FDO. INV. IMOB. REC FUNDO DE FUNDOS;RECX11;69,0;Ativa;13,5332;0,883;78,14;7741,67;0,5924;;;683,0;218313,0;17059567,76;0,6
611;VX XVI - FDO INV. IMOB.;VXXV11;962,0;Ativa;0,0;1,0398;925,22;3814632,4;0,2982;;;19,0;265282,0;245444984,55;10,76
105;Hedge Atrium Shopping Santo André;ATSA11;79,85;Passiva;0,3131;0,9805;81,44;490,95;2,015;11,5319;-16,6705;282,0;1751141,0;142605231,83;0,05
778;FDO DE INV IMOBILIÁRIO DE CRI INTEGRAL BREI;IBCR11;82,17;Ativa;17,3382;0,8749;93,92;111588,45;8,6647;;;3939,0;958423,0;90019428,77;0,69
912;MOGNO PROPERTIES FUNDO DE INVESTIMENTO IMOBILIARIO;MGRI11;0,0;Ativa;0,0;;119,6;;20,9168;;;1,0;220000,0;26310909,45;1,45
12;Mérito Desenvolvimento Imobiliário;MFII11;94,39;Ativa;14,26;0,9093;103,81;316618,81;3,0932;3,2459;-10,8906;28379,0;4146900,0;430508232,75;1,12
662;BB FUNDO DE FUNDOS;BBFO11;66,59;Passiva;13,4555;0,8148;81,73;169115,61;0,5268;;;5115,0;4003900,0;327245700,55;0,64
532;FDO INV IMOB BTG PACTUAL SHOPPINGS;BPML11;62,94;Passiva;4,7005;0,5049;124,66;26263,61;1,0551;;-19,577;1595,0;4305079,0;536678890,64;0,3
121;Polo Shopping Indaiatuba;VPSI11;0,0;Passiva;0,0;;21,42;;1,1507;20,9695;;53,0;8071897,0;172936425,85;0,2125829133
64;RB Capital Renda I;FIIP11B;148,09;Passiva;10,6759;0,7955;186,17;77874,52;1,6089;-11,2419;-9,6875;8110,0;927162,0;172609310,05;1,35
144;Mogno Fundo de Fundos;MGFF11;56,5;Ativa;11,8078;0,788;71,7;856635,03;1,4344;-1,4765;-22,2086;51038,0;9050620,0;648953526,56;0,511434952
840;LAVOURA FUNDO DE INVESTIMENTO IMOBILIÁRIO;LAVF11;0,0;Ativa;0,0;;3,32;;106,2677;;;7,0;44600,0;148232,8;1,3
75;Rio Bravo Crédito Imobiliário II;RBVO11;10,59;--;3,5196;0,6111;17,33;3067,42;5,7344;-36,4855;-31,722;2791,0;515824,0;8937579,51;0,005
93;RBR Properties;RBRP11;47,45;Ativa;10,3267;0,5808;81,7;991014,45;3,3397;-6,6202;-20,3464;95074,0;12179186,0;995077383,3;0,27
721;PANORAMA PROPERTIES FDO. INVEST. IMOB.;PNPR11;100,0;Ativa;0,0;1,0114;98,87;262500,0;0,5639;;;20,0;863967,0;85416531,24;
914;RBR PLUS MULTIESTRATÉGIA REAL ESTATE FII;RBRX11;90,72;Ativa;11,7591;0,9708;93,45;601018,03;3,863;;;3359,0;1880688,0;175747802,67;1,5
68;CGHG Logística;HGLG11;162,33;Ativa;10,1645;1,0539;154,03;4839743,13;5,3724;14,3675;-6,0719;334810,0;23456675,0;3612959934,52;2,2
24;Hotel Maxinvest;HTMX11;113,3;Ativa;4,5968;0,8736;129,69;251500,42;4,2802;14,9504;-13,1215;25639,0;1504334,0;195094323,78;1,263511048
597;FDO. INV. IMOB. MOGNO HOTEIS;MGHT11;57,23;--;15,726;0,6687;85,58;69912,26;7,8077;;;2511,0;1313784,0;112437059,49;0,65
73;BR Hotéis;BRHT11B;86,8;--;0,0;1,0316;84,14;;8,9871;;;11,0;1841677,0;154958607,41;
841;FDO DE INV IMOB LEBLON REALTY DESENVOLVIMENTO I;LRDI11;0,0;Ativa;0,0;;98,68;;16,7097;;;18,0;274379,0;27076613,3;
33;Cyrela Commercial Properties;CEOC11;54,8;Passiva;11,0064;0,6954;78,8;35252,13;2,4063;-0,0396;-18,1673;4957,0;1815696,0;143085334,17;0,599130641
699;FDO INV IMOB CJ;CJFI11;0,0;Ativa;0,0;;2,59;;1,1591;;;1,0;52601278,0;136316500,62;
62;Caixa TRX Logística Renda;CXTL11;359,95;Passiva;1,5857;0,7353;489,5;30368,78;20,2625;-4,8448;-4,0044;604,0;53597,0;26235934,44;0,4015840439
931;FUNDO DE INVESTIMENTO IMOBILIÁRIO APEX MALLS;APXM11;0,0;--;0,0;;0,0;;;;;2,0;0,0;0,0;
655;MOGNO CRI HIGH GRADE;MGCR11;78,05;Ativa;16,8861;0,8713;89,58;87761,61;3,1827;;;4037,0;1422304,0;127417059,43;0,879571012
755;FRAM CAPITAL SBCLOG;SBCL11;0,0;Ativa;0,0;;948,35;;142,1009;;;2,0;30000,0;28450568,93;
664;HEDGE AAA;HAAA11;80,0;Ativa;8,2625;0,8923;89,66;845,82;0,6375;;;157,0;3455000,0;309763908,88;0,57
47;CSHG Real Estate;HGRE11;116,0;Ativa;8,1121;0,7394;156,89;1999014,48;0,4469;5,2975;-17,0173;138126,0;11817767,0;1854090126,97;1,1
139;CGHG Recebíveis Imobiliários;HGCR11;101,1;Ativa;13,6301;1,0014;100,96;4025687,81;2,7683;27,4899;-7,0762;80122,0;15418106,0;1556674946,53;1,2
501;FDO INV IMOB GENERAL SEVERIANO;GESE11B;1520,0;Passiva;10,8566;0,8577;1772,19;;1,016;25,1945;;55,0;52000,0;92153688,81;9,7529553538
153;BB Renda de Papeis Imobiliários II;RDPD11;27,43;Ativa;23,879;0,9628;28,49;25461,94;2,0899;12,0975;-32,3251;1486,0;1078042,0;30711092,33;0,36
751;MOGNO LOGÍSTICA FUNDO DE INVEST. IMOBILIARIO;MGLG11;40,0;Ativa;15,4956;0,6506;61,48;27638,94;29,0823;;;3712,0;1888174,0;116088485,68;0,35
734;VBI CONSUMO ESSEN;EVBI11;95,5;Ativa;9,6367;0,9575;99,74;36539,81;0,9597;;;1152,0;1673280,0;166888383,24;0,75
150;JHSF Rio Bravo Fazenda Boa Vista;RBBV11;100,0;Passiva;0,0;0,9917;100,84;;1,0122;75,4021;3,2239;3475,0;1254164,0;126470249,69;0,22405733
36;Multigestão Renda Comercial;DRIT11B;95,94;Ativa;7,5985;0,7248;132,36;567,69;0,2355;10,1146;-17,3742;362,0;463277,0;61319180,53;0,74
920;SPX SYN MULT;SPXS11;82,75;Ativa;3,4718;0,8768;94,38;211689,94;20,573;;;1898,0;1238196,0;116859064,5;0,614
622;PÁTRIA LOGÍSTICA;PATL11;70,39;Ativa;9,8878;0,7174;98,12;740908,1;0,8039;;;23983,0;4991535,0;489747951,31;0,58
535;FDO INV. IMOB. PLURAL RECEBIVEIS;PLCR11;83,61;Ativa;15,6082;0,9219;90,69;399360,9;15,0046;40,0573;-5,4762;13073,0;2109169,0;191280744,07;1,0
594;FDO INV IMOB - FII PATEO BANDEIRANTES;PATB11;0,0;Ativa;0,0;;148,6;;2,5345;;;57,0;3822328,0;568009599,79;6,473025054
747;HECTARE RECEBÍVEIS HIGH GRADE;HCHG11;82,71;Ativa;13,239;0,8179;101,12;12320,86;1,8052;;;622,0;1200000,0;121349729,97;1,0
600;FUND. INVEST. IMOB. SUCCESPAR VAREJO;SPVJ11;0,0;Ativa;0,0;;116,24;;2,4797;;;29,0;6312090,0;733705100,93;0,7
722;PARKING PARTNERS FDO. INVEST. IMOB.;VTVI11;0,0;Ativa;0,0;;35,97;;1,2554;;;1,0;1780984,0;64060653,59;
935;SUPREMO FUNDO DE INVESTIMENTO IMOBILIÁRIO;SPMO11;99,0;Ativa;0,4343;1,0666;92,82;327,67;0,216;;;6,0;1807730,0;167794487,96;0,43
136;RIO BRAVO IFIX FDO INV IMOB;RBFF11;50,44;Ativa;11,7962;0,7902;63,83;228304,84;1,8709;-0,6088;-22,1754;20498,0;3749215,0;239326725,71;0,51
596;FDO INV. IMOB. PLUS;VTPL11;0,0;Ativa;0,0;;77,16;;1,6846;;;53,0;1386242,0;106955562,28;5,11
656;MINT EDUCACIONAL;MINT11;98,86;Ativa;0,0;0,7468;132,37;197,0;6,2804;;;68,0;520000,0;68830938,3;
625;INTER TEVE INDICE DE TIJOLO FUNDO DE INVESTIMENTO;ITIT11;77,25;Passiva;8,7249;0,9783;78,96;85813,42;0,2972;;;8940,0;900494,0;71102807,07;0,58
781;PRAZO - FUNDO DE INVESTIMENTO IMOBILIÁRIO;PRZS11;0,0;Ativa;0,0;;89,66;;0,5671;;;20,0;653228,0;58565204,74;
23;Novo Horizonte;NVHO11;10,6;Ativa;9,1754;0,7599;13,95;4799,29;1,4371;2,0947;-9,7083;2251,0;41494533,0;578984996,18;0,08353928
507;FDO INV IMOB OURINVEST LOGÍSTICA;OULG11;42,0;Ativa;3,0715;0,6277;66,91;62592,84;2,2587;-20,2494;-28,2066;5299,0;2481284,0;166011124,95;0,41
95;TG Ativo Real;TGAR11;119,08;Ativa;14,528;0,8945;133,12;3721223,68;6,5616;12,4086;-5,3083;89031,0;13784500,0;1834999005,05;1,3
646;AUTONOMY EDIFÍCIOS CORPORATIVOS;AIEC11;67,29;Ativa;14,6084;0,7196;93,51;386343,87;2,1472;;;11456,0;4824987,0;451193452,1;1,32
725;RB CAPITAL LOGÍSTICO;RBLG11;94,99;Ativa;10,5288;0,9454;100,48;745,7;1,6358;;;178,0;640199,0;64329673,64;0,88
88;Max Retail;MAXR11;65,02;Ativa;11,7519;0,5283;123,08;155888,9;1,3846;-3,0091;-20,3946;4132,0;1125655,0;138543493,85;0,67
921;WARREN SECURITIES FDO DE INV IMOB;WSEC11;95,57;Ativa;2,9821;0,94;101,67;10785,59;11,0318;;;455,0;245651,0;24976300,94;0,95
3;Caixa Rio Bravo;CXRI11;62,95;Ativa;10,421;0,7616;82,65;19768,16;3,7441;-15,3476;-66,6622;2492,0;1575760,0;130236645,57;0,56
806;CVPAR FUNDO DE INVESTIMENTO IMOBILIÁRIO DE CRI;CVPR11;0,0;Ativa;0,0;;94,96;;10,1879;;;2,0;140000,0;13293813,66;1,8
590;VALORA CRI ÍNDICE DE PREÇO;VGIP11;85,58;Ativa;14,8633;0,9463;90,44;2336493,06;2,5131;;;86035,0;11787247,0;1066025629,2;0,82
502;GENERAL SHOP E OUTLETS DO BRASIL FDO INV IMOB;GSFI11;5,12;Ativa;0,0;0,3608;14,19;99578,0;1,6817;;2,1746;7241,0;75198136,0;1066939470,89;
526;CAIXA RIO BRAVO FDO DE FDOS INV IMOB II;CRFF11;65,98;Ativa;10,6851;0,7855;84,0;5758,77;1,2204;9,0929;-16,5387;1675,0;690040,0;57964300,87;0,63
493;Rio Bravo Renda Educacional;RBED11;121,02;Ativa;11,7336;0,84;144,08;213256,32;2,4092;5,6836;-11,4012;12646,0;2250697,0;324289282,71;1,26
118;Shopping Patio Higienopolis;SHPH11;719,0;Passiva;6,2086;0,8041;894,18;83611,52;0,7573;6,7269;-9,9161;2631,0;608950,0;544508819,31;3,35
910;MANATÍ CAPITAL HEDGE FUND FDO INV IMOB;MANA11;10,0;Ativa;7,7;1,0299;9,71;179782,39;17,8522;;;2224,0;19592872,0;190170816,27;0,11
86;Habitat I;HBTT11;1055,0;Ativa;0,0;;0,0;;;;-17,0735;0,0;0,0;0,0;16,58
492;Hedge Shopping Praça da Moça;HMOC11;226,95;Passiva;0,0;0,9504;238,79;;0,6708;122,1761;-3,4936;209,0;382017,0;91223530,5;23,8
829;GAZIT MALLS FUNDO DE INVESTIMENTO IMOBILIÁRIO;GZIT11;0,0;Ativa;0,0;;91,42;;3,4369;;;1,0;21173640,0;1935731174,23;
732;TISHMAN SPEYER RENDA CORPORATIVA;TSER11;100,0;Ativa;10,81;1,0034;99,66;12461454,11;3,099;;;42,0;1205000,0;120093313,52;1,07
536;FDO INV. IMOB. VBI CRI;CVBI11;88,27;Ativa;14,2404;0,9404;93,86;2731466,74;2,5233;6,5891;-6,0104;69904,0;11010228,0;1033370010,97;1,1
72;XP Log;XPLG11;93,26;Ativa;9,0071;0,8141;114,56;4038467,16;1,8912;6,2153;-11,819;303179,0;27101061,0;3104712750,03;0,74
547;TELLUS PROPERTIES - FDO INV. IMOB;TEPP11;69,7;Ativa;8,4648;0,7282;95,72;411367,23;0,2516;-1,1051;-14,5472;9713,0;4221967,0;404108041,36;0,51
45;VBI FL 4440;FVBI11;94,97;Passiva;0,0;;0,0;;;142,9322;-15,2599;0,0;0,0;0,0;0,369572623
67;CSHG GR Louveira;GRLV11;104,51;Passiva;0,0;17,5059;5,97;;2489,4369;135,252;-7,3834;2604,0;1073530,0;6407890,29;0,17
84;Anhanguera Educacional;FAED11;144,47;Passiva;12,391;0,6638;217,63;50495,74;1,6791;3,8571;-21,4426;4783,0;642168,0;139752048,22;1,597758623
822;SIG CAPITAL RECEBÍVEIS PULVERIZADOS;SIGR11;0,0;Ativa;0,0;;98,37;;20,4558;;;51,0;389395,0;38305887,99;1,051289685
690;BRIO REAL ESTATE III;BRIP11;1114,0;Ativa;0,0;1,0184;1093,91;11140,0;3,2389;;;242,0;206474,0;225863725,46;
598;RB CAPITAL;RFOF11;67,67;Ativa;12,1767;0,8465;79,94;101939,13;1,732;;;5313,0;1078164,0;86190674,8;0,71
91;FII NOVA I;NVIF11B;227,5;Ativa;2,4102;0,7281;312,45;;12,416;-19,9017;;7,0;337399,0;105419507,07;0,44457617
720;PANORAMA DESENVOLVIMENTO LOGÍSTICO;PNDL11;0,0;Ativa;0,0;;755,37;;9,2967;;;46,0;44529,0;33635892,91;
813;IRIDIUM FUNDO DE INVESTIMENTO IMOBILIÁRIO;IRIM11;91,97;Ativa;16,6092;0,945;97,32;74720,74;2,7833;;;2922,0;1920000,0;186848795,2;0,928734932
744;ASA METROPOLIS FUNDO DE INVESTIMENTO IMOBILIÁRIO;ASMT11;77,3;Ativa;12,2639;0,9123;84,73;33143,57;4,7352;;;333,0;1017316,0;86199310,06;0,77
111;CSHG Brasil Shopping;HGBS11;187,27;Ativa;8,2234;0,8439;221,92;1359477,45;0,4641;28,784;-13,9879;91110,0;10000000,0;2219188710,93;1,4
503;CSHG PRIME OFFICES FDO INV IMOB;HGPO11;250,97;Passiva;7,0128;0,8383;299,37;1986756,71;0,8281;16,8899;4,7905;8942,0;1753057,0;524807114,32;1,6
684;AF INVEST CRI;AFHI11;95,89;Ativa;15,0798;1,0097;94,97;703908,16;2,1553;;;18301,0;3019453,0;286772454,43;1,0
141;Kinea Rendimentos Imobiliários;KNCR11;98,46;Ativa;13,0002;0,9773;100,75;11324082,87;1,2587;46,0347;-2,7042;183893,0;57097087,0;5752691958,38;1,2
619;LOFT II FUNDO DE INVESTIMENTO IMOBILIÁRIO;LFTT11;74,8;Ativa;8,1212;1,8681;40,04;18055,1;15,721;;;370,0;7404543,0;296447360,21;3,6681451
638;RIO BRAVO RENDA RESIDENCIAL FDO. INVEST. IMOB.;RBRS11;60,76;Ativa;8,871;0,6458;94,09;14468,77;2,4997;;;1227,0;1734299,0;163174608,26;0,48
608;VBI REITS FOF - FDO. INV. IMOB;RVBI11;72,0;Ativa;12,5;0,8569;84,02;186254,71;1,9961;;;12069,0;1440000,0;120990157,49;0,75
810;EXES FUNDO DE INVESTIMENTO IMOBILIÁRIO;EXES11;103,05;Ativa;3,9981;1,0201;101,02;2679,0;3,6895;;;62,0;264769,0;26746046,91;0,71
34;Centro Têxtil Internacional;CTXT11;11,92;Passiva;0,0;0,3278;36,36;4085,0;0,7356;-23,8022;-41,6499;3229,0;2902772,0;105535568,13;0,01
4;Industrial do Brasil;FIIB11;461,59;Passiva;9,0665;1,0002;461,49;204558,74;1,4791;14,5262;-7,7927;16981,0;685000,0;316120517,04;4,1
749;LESTE RIVA EQUITY PREFERENCIAL I;LSPA11;107,33;Ativa;8,1431;0,9892;108,5;2259296,5;0,942;;;224,0;404500,0;43886421,01;0,75
723;PLURAL LOGÍSTICA FDO. INV. IMOB.;PLOG11;72,59;Ativa;12,5224;0,6829;106,29;64661,71;2,7233;;;3258,0;750000,0;79718648,16;0,75
500;FDO INV IMOB SC 401;FISC11;165,0;Ativa;0,6606;1,4297;115,41;;0,8921;;;66,0;1699996,0;196188394,93;0,37
529;FDO INV IMOB - FII BRLPROP;BPRP11;91,12;Passiva;11,4053;0,8349;109,14;352,2;0,1192;4,6963;;181,0;1349837,0;147321058,3;0,86320332
70;BTG PACTUAL LOGISTICA FDO INV IMOB - FII;BTLG11;96,25;Ativa;9,2052;0,9745;98,77;4339674,55;4,0711;11,2776;-5,4855;205790,0;21066892,0;2080786893,98;0,74
102;RB Capital Desenvolvimento Residencial II;RBDS11;3,6;Ativa;0,0;0,1785;20,17;1247,39;27,9862;18,9936;-63,6252;960,0;126523,0;2552558,17;2,3541434604
509;PROLOGIS BRAZIL LOGISTICS VENTURE FDO INV IMOB;PBLV11;926,98;Ativa;7,5727;0,5991;1547,35;;1,2496;;;2,0;3532371,0;5465826241,87;33,9177688
104;Ancar CI;ANCR11B;3450,0;Ativa;5,5156;1,0021;3442,69;;0,6362;;;58,0;451113,0;1553043909,36;39,1790535631
106;Eldorado;ELDO11B;762,38;Passiva;13,4185;0,5278;1444,43;;0,2148;14,1573;;60,0;787256,0;1137137783,73;10,58
828;FDO INV IMOBILIÁRIO DE UNIDADES AUTÔNOMAS;IDFI11;56,99;Ativa;19,7932;0,9551;59,67;5867,79;0,0163;;;231,0;2057925,0;122800198,55;0,293456937
131;BTG Pactual Crédito Imobiliário;BTCR11;88,0;Ativa;12,5341;0,9237;95,27;652774,65;8,0043;32,7838;-4,5362;16934,0;4810097,0;458252683,73;0,9
158;Valora RE III;VGIR11;9,61;Ativa;15,3902;0,9969;9,64;3773678,52;8,1039;37,0521;-55,946;105040,0;103220707,0;994983513,26;0,11
146;Ouro Preto Desenvolvimento Imobiliário I;ORPD11;93,0;Ativa;0,0;0,6277;148,17;402,75;0,0;;;6,0;290000,0;42967967,54;1,37931
41;FDO INV IMOB RIO BRAVO RENDA CORPORATIVA;RCRB11;120,62;Ativa;6,7568;0,5817;207,34;403232,71;1,6441;-7,8639;-17,7505;30564,0;3690695,0;765224834,6;0,73
51;Sia Corporate;SAIC11B;37,88;Passiva;0,0;0,6791;55,78;947,0;4,0256;;-16,8876;50,0;1429740,0;79753003,46;0,6622145495
651;KINEA SECURITIES FDO. DE INV. IMOB. - FII;KNSC11;86,5;Ativa;13,0289;0,9815;88,13;3933246,19;4,0355;;;82082,0;13275794,0;1169943360,09;0,94
738;YUCA FDO INV. IMOB.;YUFI11;99,25;Ativa;1,4535;0,9585;103,55;99,0;12,0905;;;42,0;492650,0;51015948,93;0,3067024043
525;BRESCO LOGÍSTICA - FDO INV IMOB;BRCO11;97,0;Ativa;8,2887;0,7985;121,48;2768823,87;1,4468;6,5851;-9,6778;110494,0;14778781,0;1795398369,44;0,65
820;GENIAL RENDA URBANA FDO DE INV IMOB;GURB11;101,0;Ativa;6,4356;0,9236;109,36;163374,5;2,4087;;;15,0;1108844,0;121260083,43;1,4
601;HUSI FDO INV. IMOB.;HUSI11;1000,0;Ativa;5,3841;1,0069;993,14;29305,0;1,8979;;;85,0;116362,0;115563688,11;6,61443
123;XP Malls;XPML11;98,9;Ativa;8,5945;1,0136;97,57;4165682,58;9,8462;20,6904;-11,5679;293082,0;21314099,0;2079662021,58;0,77
537;FDO INV. MAUA CAPITAL RECEBIVEIS IMOB. - FII;MCCI11;90,05;Ativa;14,2699;0,9735;92,5;4207496,42;0,7861;20,6556;-6,501;105786,0;16960024,0;1568814602,47;1,15
530;FDO INV IMOB - FII RBR DESENVOLVIMENTO;RBRM11;94794,81;--;46,0734;2,0181;46972,16;;0,4441;;;54,0;539,0;25317994,21;1186,423497573
604;RB CAPITAL DESENV. RESIDENCIAL IV;RBIR11;63,0;Ativa;0,381;0,6598;95,49;40497,52;0,5811;;;1419,0;1528615,0;145966288,51;0,24
609;VECTIS JUROS REAL FDO INV. IMOB. - FII;VCJR11;89,85;Ativa;12,8325;0,9533;94,25;1298058,1;3,6709;18,8386;;13619,0;14723970,0;1387773088,31;1,0
667;EVEN II KINEA;KEVE11;995,02;Passiva;1,1377;1,0674;932,21;3227,2;4,0581;;;433,0;147700,0;137688411,05;0,5551756698
587;SANTANDER RENDA DE ALUGUÉIS FDO. INVEST. IMOB.;SARE11;63,33;Ativa;12,127;0,6711;94,37;1065944,71;10,3033;37,9271;-16,8249;33195,0;9234329,0;871406878,5;0,64
762;BARZEL FUNDO DE INVESTIMENTO IMOBILIÁRIO;BZEL11;0,0;Ativa;0,0;;108,11;;0,0363;;;3,0;3538046,0;382485116,52;
9;JPP Capital;JPPC11;148,03;Ativa;4,8436;0,4055;365,06;148,0;8,6924;;;89,0;55000,0;20078317,36;0,17
707;FDO. INVEST. IMOB. VOTORANTIM PATRIMONIAL V;VTPA11;0,0;Ativa;0,0;;101,04;;0,1916;;;1,0;650000,0;65678170,51;
135;São Domingos;FISD11;0,0;Ativa;0,0;;74,69;;0,0007;;;23,0;1072588,0;80115931,13;6,5262689
126;HAZ;ATCR11;0,0;Ativa;0,0;;80,8;;0,8336;;;33,0;928908,0;75054531,17;0,22665118
116;SCP;SCPF11;5,02;Ativa;4,7262;0,4287;11,71;5444,81;2,8621;-27,8337;-27,9114;5007,0;4200000,0;49178815,85;0,037
60;XP Corporate Macaé;XPCM11;17,24;Passiva;11,1369;0,391;44,09;58537,71;3,3162;-44,5147;-38,729;27574,0;2414570,0;106454881,09;0,23
703;FDO. INV. IMOB. A–TOWN;ATWN11;0,0;Passiva;0,0;;581,97;;1,4237;;;2,0;160757,0;93556352,37;
101;Lateres;PRSN11B;1,88;Ativa;9,1318;0,395;4,76;239,95;20,1193;;-37,873;763,0;3231246,0;15378787,72;0,17167795
103;Grand Plaza Shopping;ABCP11;68,81;Passiva;9,083;0,7521;91,49;84859,42;1,917;8,7532;-13,9304;19484,0;4709082,0;430849360,14;0,6
538;ÁTRIO REIT RECEBÍVEIS IMOBILIÁRIOS;ARRI11;9,4;Ativa;16,311;1,0609;8,86;314958,45;5,2159;33,3687;-3,7133;19860,0;12228577,0;108402292,85;0,13
82;Brasil Varejo;BVAR11;0,0;Passiva;0,0;;1194,88;;1,1377;11,0606;;69,0;625540,0;747446106,95;12,91
100;Lateres;LATR11B;10,0;Ativa;0,0;0,9276;10,78;205,0;101,5142;;;167,0;124104,0;1337936,51;14,50396442
17;NEWPORT RENDA URBANA FDO INV IMOB;NEWU11;42,5;Ativa;0,4;0,6554;64,85;6460,0;1,7183;58,9464;;1695,0;742000,0;48119698,6;0,09
39;Edifício Almirante Barroso;FAMB11B;708,05;Passiva;0,0;0,247;2866,58;198524,94;2,3383;-9,8241;-42,3737;2806,0;104800,0;300417450,9;9,16
757;VECTIS RENDA RESIDENCIAL;VCRR11;69,5;Ativa;11,5683;0,542;128,24;181524,16;1,0965;;;2788,0;2000000,0;256474438,02;0,67
661;HSI LOGÍSTICA;HSLG11;86,0;Ativa;9,2907;0,8195;104,94;572667,71;3,9967;;;24106,0;12660067,0;1328600695,85;0,7
669;RIZA AKIN;RZAK11;96,2;Ativa;18,6684;1,0266;93,71;3394255,52;3,5899;;;25578,0;4759958,0;446075435,06;1,4
